backbone,method,tissue,fold,seed,train_slide,test_slide,test_patches,test_true_support,Dice,bPQ,mPQ,F1det,F1type,immune_F1,immune_matched_support,immune_total_true_support,stromal_F1,stromal_matched_support,stromal_total_true_support,epithelial_F1,epithelial_matched_support,epithelial_total_true_support,melanocyte_F1,melanocyte_matched_support,melanocyte_total_true_support,other_F1,other_matched_support,other_total_true_support,dominant_confusion,dominant_confusion_count,checkpoint_policy,source_inference_json
CellViT-SAM-H,Selected PEFT,Breast,A,42,breast_s0,breast_s1,49569,820290,0.7590276994023327,0.4112616179815712,0.23857305473510598,0.8128841744653897,0.5000135737752548,0.5085495493352993,155868,193476,0.6237051954863809,164404,205990,0.8375895539634851,311609,395725,nan,0,0,0.030209996315854106,5450,25099,Immune->Stromal,57086,checkpoint_10 TEST,run/sthelar40x_breast_5class_slideind_foldA_lora_adaptformer_r8_a8_red16_heads_e10_seed42/log/2026-08-26T105512_sthelar40x_breast_5class_slideind_foldA_lora_adaptformer_r8_a8_red16_heads_e10_seed42/inference_results.json
CellViT-SAM-H,Selected PEFT,Breast,B,42,breast_s1,breast_s0,45773,1251232,0.7938356488681992,0.45245932771260233,0.27794233356452025,0.8317567253900526,0.5343068738786741,0.6917241447951191,197979,238925,0.49262610391721295,190567,234604,0.9300811364883204,619467,762687,nan,0,0,0.022796110314044316,11264,15016,Stromal->Immune,95534,checkpoint_10 TEST,run/sthelar40x_breast_5class_slideind_foldB_lora_adaptformer_r8_a8_red16_heads_e10_seed42/log/2026-08-26T225723_sthelar40x_breast_5class_slideind_foldB_lora_adaptformer_r8_a8_red16_heads_e10_seed42/inference_results.json
CellViT-SAM-H,Selected PEFT,Colon,A,42,colon_s1,colon_s2,11903,752353,0.7036804849979382,0.2847208450111339,0.14954937065127744,0.7509523225018568,0.4265028166505718,0.5688719063447348,148455,195875,0.2763654141639894,23800,30566,0.850011838722771,361264,511629,nan,0,0,0.010762107370792142,7764,14283,Epithelial->Immune,56422,checkpoint_10 TEST,run/sthelar40x_colon_5class_slideind_foldA_lora_adaptformer_r8_a8_red16_heads_e10_seed42/log/2026-08-26T110313_sthelar40x_colon_5class_slideind_foldA_lora_adaptformer_r8_a8_red16_heads_e10_seed42/inference_results.json
CellViT-SAM-H,Selected PEFT,Colon,B,42,colon_s2,colon_s1,18464,1183780,0.6532830136626561,0.2865091276140891,0.11990913794066184,0.74411793121062,0.3866776104853643,0.3843201488703878,150047,208114,0.29607104623909464,225362,368241,0.8663192468319747,393774,590393,nan,0,0,0.0,7701,17032,Stromal->Immune,156281,checkpoint_10 TEST,run/sthelar40x_colon_5class_slideind_foldB_lora_adaptformer_r8_a8_red16_heads_e10_seed42/log/2026-08-27T154219_sthelar40x_colon_5class_slideind_foldB_lora_adaptformer_r8_a8_red16_heads_e10_seed42/inference_results.json
CellViT-SAM-H,Selected PEFT,Kidney,A,42,kidney_s0,kidney_s1,4449,104835,0.801429288433335,0.5495288937181175,0.09036437232079898,0.847799845291999,0.14924860814224455,0.06996354531060132,51254,58422,0.4025363973012733,20986,26644,0.1208247651864614,12660,17669,nan,0,0,0.003669724770642202,1081,2100,Immune->Stromal,46015,checkpoint_10 TEST,run/sthelar40x_kidney_5class_slideind_foldA_lora_adaptformer_r8_a8_red16_heads_e10_seed42/log/2026-08-25T220941_sthelar40x_kidney_5class_slideind_foldA_lora_adaptformer_r8_a8_red16_heads_e10_seed42/inference_results.json
CellViT-SAM-H,Selected PEFT,Kidney,B,42,kidney_s1,kidney_s0,6723,191643,0.8343084270621355,0.6094194930834752,0.05290012436894858,0.900829711576452,0.10598213656435491,0.17239754463717175,16255,19732,0.15618821668643731,47028,55116,0.09534278493381061,92912,106874,nan,0,0,0.0,6729,9921,Epithelial->Immune,84882,checkpoint_10 TEST,run/sthelar40x_kidney_5class_slideind_foldB_lora_adaptformer_r8_a8_red16_heads_e10_seed42/log/2026-08-29T060654_sthelar40x_kidney_5class_slideind_foldB_lora_adaptformer_r8_a8_red16_heads_e10_seed42/inference_results.json
CellViT-SAM-H,Selected PEFT,Liver,A,42,liver_s0,liver_s1,9166,315935,0.7956153624568125,0.48007024095491996,0.17150571328971126,0.8431559251836118,0.2649016754227152,0.017299499907390256,53118,66191,0.44613349308571715,56751,72684,0.5961737086977533,142638,175936,nan,0,0,0.0,419,1124,Epithelial->Stromal,79410,checkpoint_10 TEST,run/sthelar40x_liver_5class_slideind_foldA_lora_adaptformer_r8_a8_red16_heads_e10_seed42/log/2026-08-25T220941_sthelar40x_liver_5class_slideind_foldA_lora_adaptformer_r8_a8_red16_heads_e10_seed42/inference_results.json
CellViT-SAM-H,Selected PEFT,Liver,B,42,liver_s1,liver_s0,20427,480093,0.776509757057797,0.5218891073485565,0.24455487927283093,0.8826469722686456,0.4030201245608104,0.3285815126629134,89350,106478,0.4651182034075018,76143,97143,0.8183807821728264,238175,271122,nan,0,0,0.0,2649,5350,Immune->Epithelial,56418,checkpoint_10 TEST,run/sthelar40x_liver_5class_slideind_foldB_lora_adaptformer_r8_a8_red16_heads_e10_seed42/log/2026-08-29T060941_sthelar40x_liver_5class_slideind_foldB_lora_adaptformer_r8_a8_red16_heads_e10_seed42/inference_results.json
CellViT-SAM-H,Selected PEFT,Lung,A,42,lung_s1,lung_s3,20621,554155,0.7833767925485886,0.5083038175992315,0.1934084809192781,0.8429629162625882,0.40421136379813805,0.6220212610963856,162574,194173,0.6385166234294117,142469,174761,0.35483098509510524,121008,145102,nan,0,0,0.001476585571649557,28337,40119,Epithelial->Immune,61435,checkpoint_10 TEST,run/sthelar40x_lung_5class_slideind_foldA_lora_adaptformer_r8_a8_red16_heads_e10_seed42/log/2026-08-26T141800_sthelar40x_lung_5class_slideind_foldA_lora_adaptformer_r8_a8_red16_heads_e10_seed42/inference_results.json
CellViT-SAM-H,Selected PEFT,Lung,B,42,lung_s3,lung_s1,10938,320398,0.8297162857123773,0.5636510047398432,0.251397281010138,0.8619419381056374,0.4700817253528707,0.7262746376652569,126042,145454,0.434201266713582,57991,71716,0.7189156626506024,53323,68294,nan,0,0,0.0009353343820415799,23479,34934,Stromal->Immune,39038,checkpoint_10 TEST,run/sthelar40x_lung_5class_slideind_foldB_lora_adaptformer_r8_a8_red16_heads_e10_seed42/log/2026-08-27T154613_sthelar40x_lung_5class_slideind_foldB_lora_adaptformer_r8_a8_red16_heads_e10_seed42/inference_results.json
CellViT-SAM-H,Selected PEFT,Ovary,A,42,ovary_s0,ovary_s1,25498,815470,0.7514552697807471,0.44875987659719585,0.22264470198982342,0.8343549707732534,0.5054029144142186,0.3618801878549585,74970,90259,0.7752108035644871,247883,304120,0.8841181302607755,311194,360874,nan,0,0,0.00040253597665291336,39723,60217,Stromal->Immune,33012,checkpoint_10 TEST,run/sthelar40x_ovary_5class_slideind_foldA_lora_adaptformer_r8_a8_red16_heads_e10_seed42/log/2026-08-26T105512_sthelar40x_ovary_5class_slideind_foldA_lora_adaptformer_r8_a8_red16_heads_e10_seed42/inference_results.json
CellViT-SAM-H,Selected PEFT,Ovary,B,42,ovary_s1,ovary_s0,10039,498877,0.7273679869056037,0.3874301071935281,0.15482826483984696,0.8328478630172788,0.48059933978667174,0.3449405649740367,85438,104483,0.6465739210637562,49291,61888,0.7129667615268019,246564,310152,nan,0,0,0.21791611158209195,13593,22354,Epithelial->Immune,67466,checkpoint_10 TEST,run/sthelar40x_ovary_5class_slideind_foldB_lora_adaptformer_r8_a8_red16_heads_e10_seed42/log/2026-08-27T154219_sthelar40x_ovary_5class_slideind_foldB_lora_adaptformer_r8_a8_red16_heads_e10_seed42/inference_results.json
CellViT-SAM-H,Selected PEFT,Pancreatic,A,42,pancreatic_s0,pancreatic_s1,12647,469142,0.7417215953527168,0.3774411660283502,0.12393072164987763,0.7337755706803492,0.2787625121793176,0.6137242768972028,103402,155985,0.38105316823346747,58546,82287,0.118747557639703,76569,117706,nan,0,0,0.001525045946897118,50296,113164,Other->Immune,46962,checkpoint_10 TEST,run/sthelar40x_pancreatic_5class_slideind_foldA_lora_adaptformer_r8_a8_red16_heads_e10_seed42/log/2026-08-26T105512_sthelar40x_pancreatic_5class_slideind_foldA_lora_adaptformer_r8_a8_red16_heads_e10_seed42/inference_results.json
CellViT-SAM-H,Selected PEFT,Pancreatic,B,42,pancreatic_s1,pancreatic_s0,25526,440021,0.748703221715716,0.3891657273168339,0.1745340484967602,0.72504314158917,0.4167253543098746,0.5736983084431072,100869,138877,0.38838992084552404,49056,73507,0.6945682174877781,149034,199217,nan,0,0,0.01024497046308919,21668,28420,Epithelial->Stromal,46219,checkpoint_10 TEST,run/sthelar40x_pancreatic_5class_slideind_foldB_lora_adaptformer_r8_a8_red16_heads_e10_seed42/log/2026-08-26T225723_sthelar40x_pancreatic_5class_slideind_foldB_lora_adaptformer_r8_a8_red16_heads_e10_seed42/inference_results.json
CellViT-SAM-H,Selected PEFT,Skin,A,42,skin_s1,skin_s2,12790,199847,0.7691965330696313,0.4400976317448564,0.13416291906979316,0.7431512215650897,0.2425189705726829,0.45474742750233865,66764,77761,0.28269239125711554,31860,38319,0.47200274819649607,8619,10718,0.0014663006598352969,58589,72962,0.0016859852476290833,51,87,Melanocyte->Stromal,39468,checkpoint_10 TEST,run/sthelar40x_skin_5class_slideind_foldA_lora_adaptformer_r8_a8_red16_heads_e10_seed42/log/2026-08-26T164216_sthelar40x_skin_5class_slideind_foldA_lora_adaptformer_r8_a8_red16_heads_e10_seed42/inference_results.json
CellViT-SAM-H,Selected PEFT,Skin,B,42,skin_s2,skin_s1,11209,176792,0.454879846877665,0.2136613600833656,0.07166844811113465,0.6627763929487295,0.29358072481034897,0.17550274223034734,5300,7656,0.4969722280225517,24025,47505,0.7611195571668031,41763,60109,0.034309096632042804,3996,5534,0.0,17215,55988,Stromal->Epithelial,8991,checkpoint_10 TEST,run/sthelar40x_skin_5class_slideind_foldB_lora_adaptformer_r8_a8_red16_heads_e10_seed42/log/2026-08-26T230626_sthelar40x_skin_5class_slideind_foldB_lora_adaptformer_r8_a8_red16_heads_e10_seed42/inference_results.json
CellViT-SAM-H,Selected PEFT,Tonsil,A,42,tonsil_s0,tonsil_s1,21083,1716308,0.7374287844394416,0.4522440218264186,0.21584030891935824,0.8382589521280475,0.48786643371037725,0.809813615809467,921418,1115096,0.5055800569611625,261227,341054,0.6360720620708795,140868,177099,nan,0,0,0.0,44164,83059,Immune->Stromal,125211,checkpoint_10 TEST,run/sthelar40x_tonsil_5class_slideind_foldA_lora_adaptformer_r8_a8_red16_heads_e10_seed42/log/2026-08-25T192051_sthelar40x_tonsil_5class_slideind_foldA_lora_adaptformer_r8_a8_red16_heads_e10_seed42/inference_results.json
CellViT-SAM-H,Selected PEFT,Tonsil,B,42,tonsil_s1,tonsil_s0,23067,2662977,0.8316900514684316,0.577059605163144,0.2603020413877553,0.8559936093955811,0.5107643498087211,0.8611930803674326,1550883,1855942,0.409910472017064,369093,445916,0.6772291290434312,277100,334497,nan,0,0,0.09472471780695692,14850,26622,Stromal->Immune,224338,checkpoint_10 TEST,run/sthelar40x_tonsil_5class_slideind_foldB_lora_adaptformer_r8_a8_red16_heads_e10_seed42/log/2026-08-25T192051_sthelar40x_tonsil_5class_slideind_foldB_lora_adaptformer_r8_a8_red16_heads_e10_seed42/inference_results.json
CellViT-256,Selected PEFT,Breast,A,42,breast_s0,breast_s1,49569,817476,0.7825767723377292,0.45365355313501593,0.23661721751552128,0.7918037088650486,0.4639066871688298,0.4263198669020435,151856,192844,0.5978925553877996,159327,205192,0.8136543086254586,303198,394395,nan,0,0,0.01776001776001776,3909,25045,Immune->Stromal,71867,checkpoint_10 TEST,run/sthelar40x_breast_5class_slideind_foldA_cellvit256_lora_adaptformer_r8_a8_red16_heads_e10_seed42/log/2026-08-31T102746_sthelar40x_breast_5class_slideind_foldA_cellvit256_lora_adaptformer_r8_a8_red16_heads_e10_seed42/inference_results.json
CellViT-256,Selected PEFT,Breast,B,42,breast_s1,breast_s0,45773,1246557,0.8198884755274961,0.5101255911498671,0.3022816592683329,0.8349197121205234,0.522674180235952,0.6529487564550978,192241,238576,0.4900279884160742,182557,233889,0.8769758824537355,608766,759164,nan,0,0,0.07074409361890042,10758,14928,Stromal->Immune,85573,checkpoint_10 TEST,run/sthelar40x_breast_5class_slideind_foldB_cellvit256_lora_adaptformer_r8_a8_red16_heads_e10_seed42/log/2026-08-31T102746_sthelar40x_breast_5class_slideind_foldB_cellvit256_lora_adaptformer_r8_a8_red16_heads_e10_seed42/inference_results.json
CellViT-256,Selected PEFT,Colon,A,42,colon_s1,colon_s2,11903,751168,0.7337421472857052,0.334595937807556,0.11509590912327305,0.7512879564035879,0.3301177928190146,0.4764903520414319,145424,195544,0.22863292856975737,23095,30511,0.5686840537692189,338259,510930,nan,0,0,0.04666383689564991,6658,14183,Epithelial->Immune,166212,checkpoint_10 TEST,run/sthelar40x_colon_5class_slideind_foldA_cellvit256_lora_adaptformer_r8_a8_red16_heads_e10_seed42/log/2026-08-31T102746_sthelar40x_colon_5class_slideind_foldA_cellvit256_lora_adaptformer_r8_a8_red16_heads_e10_seed42/inference_results.json
CellViT-256,Selected PEFT,Colon,B,42,colon_s2,colon_s1,18464,1170544,0.6358922708832655,0.23950914730519576,0.1078709396288322,0.7105189458167115,0.4724484029070593,0.43508518151594533,139394,205560,0.5016944481807236,204379,362553,0.8815444478813891,357126,585589,nan,0,0,0.07146953405017921,6618,16842,Stromal->Immune,96174,checkpoint_10 TEST,run/sthelar40x_colon_5class_slideind_foldB_cellvit256_lora_adaptformer_r8_a8_red16_heads_e10_seed42/log/2026-08-31T102746_sthelar40x_colon_5class_slideind_foldB_cellvit256_lora_adaptformer_r8_a8_red16_heads_e10_seed42/inference_results.json
CellViT-256,Selected PEFT,Kidney,A,42,kidney_s0,kidney_s1,4449,104053,0.7556044226085273,0.46812751383901174,0.09888927072998394,0.8338601450165909,0.21043416382209185,0.2814433661173712,50099,58172,0.3451014631535959,20753,26332,0.19021264200407806,12150,17483,nan,0,0,0.02497918401332223,975,2066,Immune->Stromal,30095,checkpoint_10 TEST,run/sthelar40x_kidney_5class_slideind_foldA_cellvit256_lora_adaptformer_r8_a8_red16_heads_e10_seed42/log/2026-08-30T014011_sthelar40x_kidney_5class_slideind_foldA_cellvit256_lora_adaptformer_r8_a8_red16_heads_e10_seed42/inference_results.json
CellViT-256,Selected PEFT,Kidney,B,42,kidney_s1,kidney_s0,6723,190866,0.8085176048747588,0.568279342749323,0.09647383181407689,0.8938342203284767,0.1726811290922512,0.11954287808773285,15930,19709,0.13497358252503747,46290,54995,0.40145028882372646,90647,106277,nan,0,0,0.03475776693250803,6318,9885,Epithelial->Immune,44356,checkpoint_10 TEST,run/sthelar40x_kidney_5class_slideind_foldB_cellvit256_lora_adaptformer_r8_a8_red16_heads_e10_seed42/log/2026-08-29T172314_sthelar40x_kidney_5class_slideind_foldB_cellvit256_lora_adaptformer_r8_a8_red16_heads_e10_seed42/inference_results.json
CellViT-256,Selected PEFT,Liver,A,42,liver_s0,liver_s1,9166,315573,0.7917732881628909,0.4793617855769644,0.07369064401690542,0.8324935736105297,0.1136170507515096,0.006192531431788328,52983,66172,0.3681963496663929,55171,72592,0.08007932190785713,138217,175685,nan,0,0,0.0,528,1124,Epithelial->Stromal,132257,checkpoint_10 TEST,run/sthelar40x_liver_5class_slideind_foldA_cellvit256_lora_adaptformer_r8_a8_red16_heads_e10_seed42/log/2026-08-29T182535_sthelar40x_liver_5class_slideind_foldA_cellvit256_lora_adaptformer_r8_a8_red16_heads_e10_seed42/inference_results.json
CellViT-256,Selected PEFT,Liver,B,42,liver_s1,liver_s0,20427,472117,0.8020192442567299,0.5721474362874098,0.25132797303600996,0.865265694695322,0.3963183053160058,0.43046085116388433,80035,104556,0.3535518464763748,68478,95611,0.8012605236237642,216927,266639,nan,0,0,0.0,2052,5311,Immune->Epithelial,42113,checkpoint_10 TEST,run/sthelar40x_liver_5class_slideind_foldB_cellvit256_lora_adaptformer_r8_a8_red16_heads_e10_seed42/log/2026-08-29T223640_sthelar40x_liver_5class_slideind_foldB_cellvit256_lora_adaptformer_r8_a8_red16_heads_e10_seed42/inference_results.json
CellViT-256,Selected PEFT,Lung,A,42,lung_s1,lung_s3,20621,550114,0.732243451420147,0.4125329544807951,0.14806639339802716,0.8296812063865726,0.40497631166994774,0.5715885478231656,155783,193054,0.5894493167565948,134549,173776,0.32032917611996403,114686,143632,nan,0,0,0.13853820598006644,24936,39652,Immune->Stromal,51043,checkpoint_10 TEST,run/sthelar40x_lung_5class_slideind_foldA_cellvit256_lora_adaptformer_r8_a8_red16_heads_e10_seed42/log/2026-08-31T132703_sthelar40x_lung_5class_slideind_foldA_cellvit256_lora_adaptformer_r8_a8_red16_heads_e10_seed42/inference_results.json
CellViT-256,Selected PEFT,Lung,B,42,lung_s3,lung_s1,10938,318148,0.794386346325961,0.4962732147087402,0.21682675832192097,0.8282021259499047,0.45456867340352497,0.7015803274041528,122131,144815,0.37648444926430225,55395,70978,0.6210353918670608,51187,67669,nan,0,0,0.11917452507858411,21500,34686,Stromal->Immune,34229,checkpoint_10 TEST,run/sthelar40x_lung_5class_slideind_foldB_cellvit256_lora_adaptformer_r8_a8_red16_heads_e10_seed42/log/2026-08-30T224946_sthelar40x_lung_5class_slideind_foldB_cellvit256_lora_adaptformer_r8_a8_red16_heads_e10_seed42/inference_results.json
CellViT-256,Selected PEFT,Ovary,A,42,ovary_s0,ovary_s1,25498,813312,0.7288156913698527,0.41263898034061675,0.19941216476684975,0.7845550765411455,0.515849515321896,0.34092152854222363,68367,89958,0.7509458590072022,220843,303337,0.8452506082303742,288146,360012,nan,0,0,0.12628006550778398,31500,60005,Epithelial->Immune,36525,checkpoint_10 TEST,run/sthelar40x_ovary_5class_slideind_foldA_cellvit256_lora_adaptformer_r8_a8_red16_heads_e10_seed42/log/2026-08-30T224946_sthelar40x_ovary_5class_slideind_foldA_cellvit256_lora_adaptformer_r8_a8_red16_heads_e10_seed42/inference_results.json
CellViT-256,Selected PEFT,Ovary,B,42,ovary_s1,ovary_s0,10039,496285,0.7437047729734807,0.41387138360008474,0.1477084260919149,0.8385342751034479,0.4262642008769628,0.3565796237725558,83750,104163,0.46468946868797284,47474,60936,0.6539252767417467,239064,309004,nan,0,0,0.2298624343055759,12391,22182,Epithelial->Immune,81463,checkpoint_10 TEST,run/sthelar40x_ovary_5class_slideind_foldB_cellvit256_lora_adaptformer_r8_a8_red16_heads_e10_seed42/log/2026-08-31T150207_sthelar40x_ovary_5class_slideind_foldB_cellvit256_lora_adaptformer_r8_a8_red16_heads_e10_seed42/inference_results.json
CellViT-256,Selected PEFT,Pancreatic,A,42,pancreatic_s0,pancreatic_s1,12647,466409,0.7100719495848977,0.350000842237304,0.09704965116516759,0.7362812908512673,0.23281018858929428,0.5734992606924756,110874,155402,0.2842624578751096,55932,81687,0.0673642822481305,76913,117095,nan,0,0,0.006114753541461426,55159,112225,Epithelial->Immune,54911,checkpoint_10 TEST,run/sthelar40x_pancreatic_5class_slideind_foldA_cellvit256_lora_adaptformer_r8_a8_red16_heads_e10_seed42/log/2026-08-31T162713_sthelar40x_pancreatic_5class_slideind_foldA_cellvit256_lora_adaptformer_r8_a8_red16_heads_e10_seed42/inference_results.json
CellViT-256,Selected PEFT,Pancreatic,B,42,pancreatic_s1,pancreatic_s0,25526,437152,0.6988663686732408,0.2997656451052011,0.10669691635303451,0.63032268481461,0.3150550236078917,0.4515033947623666,85293,138213,0.3208835704000114,41209,73108,0.4682529488579196,126744,197644,nan,0,0,0.019580180411269292,18945,28187,Epithelial->Stromal,77991,checkpoint_10 TEST,run/sthelar40x_pancreatic_5class_slideind_foldB_cellvit256_lora_adaptformer_r8_a8_red16_heads_e10_seed42/log/2026-08-30T224700_sthelar40x_pancreatic_5class_slideind_foldB_cellvit256_lora_adaptformer_r8_a8_red16_heads_e10_seed42/inference_results.json
CellViT-256,Selected PEFT,Skin,A,42,skin_s1,skin_s2,12790,199404,0.75044818365689,0.3944403251561227,0.08315026787098356,0.7087237727173719,0.13092129260129234,0.1930809290574762,65869,77698,0.2620456684588507,31147,38263,0.18948257655755016,8757,10678,0.008793074180953998,57943,72678,0.0012042147516307074,45,87,Immune->Other,38620,checkpoint_10 TEST,run/sthelar40x_skin_5class_slideind_foldA_cellvit256_lora_adaptformer_r8_a8_red16_heads_e10_seed42/log/2026-08-31T193035_sthelar40x_skin_5class_slideind_foldA_cellvit256_lora_adaptformer_r8_a8_red16_heads_e10_seed42/inference_results.json
CellViT-256,Selected PEFT,Skin,B,42,skin_s2,skin_s1,11209,176574,0.4757467864239892,0.22207527194210555,0.030554470541214955,0.6782002417667464,0.15049384125845072,0.016200035217467865,5491,7633,0.10639649580365801,25717,47418,0.6298726752711277,43428,60114,0.0,4264,5532,0.0,19808,55877,Stromal->Epithelial,24057,checkpoint_10 TEST,run/sthelar40x_skin_5class_slideind_foldB_cellvit256_lora_adaptformer_r8_a8_red16_heads_e10_seed42/log/2026-08-31T201343_sthelar40x_skin_5class_slideind_foldB_cellvit256_lora_adaptformer_r8_a8_red16_heads_e10_seed42/inference_results.json
CellViT-256,Selected PEFT,Tonsil,A,42,tonsil_s0,tonsil_s1,21083,1716066,0.7033756955146516,0.4091020760943788,0.176688549242164,0.8277590317540806,0.45865888864838666,0.7771289631233699,902934,1114971,0.47864151851737036,239720,340968,0.5788650729528064,131545,177080,nan,0,0,0.0,33826,83047,Immune->Stromal,156900,checkpoint_10 TEST,run/sthelar40x_tonsil_5class_slideind_foldA_cellvit256_lora_adaptformer_r8_a8_red16_heads_e10_seed42/log/2026-08-29T235644_sthelar40x_tonsil_5class_slideind_foldA_cellvit256_lora_adaptformer_r8_a8_red16_heads_e10_seed42/inference_results.json
CellViT-256,Selected PEFT,Tonsil,B,42,tonsil_s1,tonsil_s0,23067,2658310,0.7980686571092857,0.5273599211241206,0.22945257169163968,0.8632110181866615,0.49984770481691015,0.8393426400887315,1517287,1852833,0.4075994360707851,352126,445134,0.6903715809212525,262667,333755,nan,0,0,0.062077162186871454,10875,26588,Stromal->Immune,192828,checkpoint_10 TEST,run/sthelar40x_tonsil_5class_slideind_foldB_cellvit256_lora_adaptformer_r8_a8_red16_heads_e10_seed42/log/2026-08-30T002904_sthelar40x_tonsil_5class_slideind_foldB_cellvit256_lora_adaptformer_r8_a8_red16_heads_e10_seed42/inference_results.json
