backbone,method,fold,seed,total_parameters,trainable_parameters,trainable_percent,training_wall_seconds,mean_seconds_per_epoch,training_peak_allocated_gib,training_peak_reserved_gib,current_training_checkpoint_bytes,inference_peak_allocated_gib,inference_peak_reserved_gib,inference_patches_per_second,test_patches,dice,jaccard,bPQ,mPQ,f1_detection,gpu_model,partition,training_batch_size,inference_batch_size,amp_policy,pytorch_version,cuda_version,training_metrics_path,inference_metrics_path
SAM-H,Frozen,A,42,699741149,0,0.0,,,,,,3.8935141563415527,4.640625,10.083715834262202,23494,0.7391832092681122,0.6107341872729304,0.4762330981119236,,0.8286348809265502,NVIDIA A100-SXM4-40GB,,,16,CUDA autocast FP16 inference; training N/A,2.5.1+cu121,12.1,,${PROJECT_ROOT}/run/sthelar40x_klt_5class_slideind_foldA_frozen_seed42/eval/inference_efficiency_metrics.json
SAM-H,Frozen,B,42,699741149,0,0.0,,,,,,3.8935141563415527,4.640625,9.026305907430308,26335,0.7841773398301524,0.6597977607035863,0.5565095287045051,,0.848977656586027,NVIDIA A100-SXM4-40GB,,,16,CUDA autocast FP16 inference; training N/A,2.5.1+cu121,12.1,,${PROJECT_ROOT}/run/sthelar40x_klt_5class_slideind_foldB_frozen_seed42/eval/inference_efficiency_metrics.json
SAM-H,LP,A,42,699736523,650,9.289210704812674e-05,20278.850039371988,2027.8713424392015,3.8932323455810547,4.748046875,2799325178,7.820193290710449,8.392578125,9.636818181766811,23494,0.7340215852776181,0.601925194873826,0.4637176518892184,0.194705169305788,0.8315572452219171,NVIDIA A100-SXM4-40GB,,4,16,CUDA autocast FP16 train/inference; GradScaler train,2.5.1+cu121,12.1,${PROJECT_ROOT}/run/sthelar40x_klt_5class_slideind_foldA_lp_final_heads_e10_seed42/log/2026-08-19T114405_sthelar40x_klt_5class_slideind_foldA_lp_final_heads_e10_seed42/efficiency_metrics.json,${PROJECT_ROOT}/run/sthelar40x_klt_5class_slideind_foldA_lp_final_heads_e10_seed42/log/2026-08-19T114405_sthelar40x_klt_5class_slideind_foldA_lp_final_heads_e10_seed42/inference_efficiency_metrics.json
SAM-H,LP,B,42,699736523,650,9.289210704812674e-05,18164.480058168992,1816.4440212573943,3.8932323455810547,4.748046875,2799325178,7.820193290710449,8.392578125,8.809425316175256,26335,0.7861675157276968,0.6622997521127864,0.5591104585270299,0.21595039621882167,0.8510356789529319,NVIDIA A100-SXM4-40GB,,4,16,CUDA autocast FP16 train/inference; GradScaler train,2.5.1+cu121,12.1,${PROJECT_ROOT}/run/sthelar40x_klt_5class_slideind_foldB_lp_final_heads_e10_seed42/log/2026-08-19T123449_sthelar40x_klt_5class_slideind_foldB_lp_final_heads_e10_seed42/efficiency_metrics.json,${PROJECT_ROOT}/run/sthelar40x_klt_5class_slideind_foldB_lp_final_heads_e10_seed42/log/2026-08-19T123449_sthelar40x_klt_5class_slideind_foldB_lp_final_heads_e10_seed42/inference_efficiency_metrics.json
SAM-H,Selected PEFT,A,42,707644395,7908779,1.1176205246421826,28094.345991228998,2809.4134104965983,9.36176872253418,11.05859375,2894602378,6.834444999694824,11.05859375,8.51892946725378,23494,0.7909794465857495,0.6756325637420343,0.5198225335372662,0.21696313504866627,0.8427597834813471,NVIDIA A100-SXM4-40GB,,4,16,CUDA autocast FP16 train/inference; GradScaler train,2.5.1+cu121,12.1,${PROJECT_ROOT}/run/sthelar40x_klt_5class_slideind_foldA_lora_adaptformer_r8_a8_red16_heads_e10_seed42/log/2026-08-19T105648_sthelar40x_klt_5class_slideind_foldA_lora_adaptformer_r8_a8_red16_heads_e10_seed42/efficiency_metrics.json,${PROJECT_ROOT}/run/sthelar40x_klt_5class_slideind_foldA_lora_adaptformer_r8_a8_red16_heads_e10_seed42/log/2026-08-19T105648_sthelar40x_klt_5class_slideind_foldA_lora_adaptformer_r8_a8_red16_heads_e10_seed42/inference_efficiency_metrics.json
SAM-H,Selected PEFT,B,42,707644395,7908779,1.1176205246421826,25169.484722574998,2516.9351801229,9.36176872253418,11.125,2894602378,6.834444999694824,11.125,8.138865233785564,26335,0.836443180419304,0.7312682490755203,0.609579157330767,0.23050523629255693,0.862920170836519,NVIDIA A100-SXM4-40GB,,4,16,CUDA autocast FP16 train/inference; GradScaler train,2.5.1+cu121,12.1,${PROJECT_ROOT}/run/sthelar40x_klt_5class_slideind_foldB_lora_adaptformer_r8_a8_red16_heads_e10_seed42/log/2026-08-20T112527_sthelar40x_klt_5class_slideind_foldB_lora_adaptformer_r8_a8_red16_heads_e10_seed42/efficiency_metrics.json,${PROJECT_ROOT}/run/sthelar40x_klt_5class_slideind_foldB_lora_adaptformer_r8_a8_red16_heads_e10_seed42/log/2026-08-20T112527_sthelar40x_klt_5class_slideind_foldB_lora_adaptformer_r8_a8_red16_heads_e10_seed42/inference_efficiency_metrics.json
SAM-H,FullFT,A,42,699736523,699736523,100.0,31844.095517179998,3184.4016727749995,15.507665157318115,18.388671875,8397788372,7.882327079772949,18.388671875,9.537831418415287,23494,0.7909626248769975,0.6798806172553378,0.5225698997832955,0.17899682801735997,0.8316423191174487,NVIDIA A100-SXM4-40GB,,4,16,CUDA autocast FP16 train/inference; GradScaler train,2.5.1+cu121,12.1,${PROJECT_ROOT}/run/sthelar40x_klt_5class_slideind_foldA_fullft_lr1e-5_e10_seed42/log/2026-08-19T110413_sthelar40x_klt_5class_slideind_foldA_fullft_lr1e-5_e10_seed42/efficiency_metrics.json,${PROJECT_ROOT}/run/sthelar40x_klt_5class_slideind_foldA_fullft_lr1e-5_e10_seed42/log/2026-08-19T110413_sthelar40x_klt_5class_slideind_foldA_fullft_lr1e-5_e10_seed42/inference_efficiency_metrics.json
SAM-H,FullFT,B,42,699736523,699736523,100.0,25652.690591441,2565.261590954897,15.507665157318115,18.46875,8397788372,7.882327079772949,18.46875,8.32448079016848,26335,0.8385955567078696,0.7337988495726419,0.6057677353083719,0.22749216583349272,0.8622062797851348,NVIDIA A100-SXM4-40GB,,4,16,CUDA autocast FP16 train/inference; GradScaler train,2.5.1+cu121,12.1,${PROJECT_ROOT}/run/sthelar40x_klt_5class_slideind_foldB_fullft_lr1e-5_e10_seed42/log/2026-08-19T181004_sthelar40x_klt_5class_slideind_foldB_fullft_lr1e-5_e10_seed42/efficiency_metrics.json,${PROJECT_ROOT}/run/sthelar40x_klt_5class_slideind_foldB_fullft_lr1e-5_e10_seed42/log/2026-08-19T181004_sthelar40x_klt_5class_slideind_foldB_fullft_lr1e-5_e10_seed42/inference_efficiency_metrics.json
CellViT-256,Frozen,A,42,46750349,0,0.0,,,,,,1.336219310760498,1.8671875,10.842169644213126,23494,0.7477471264116758,0.6215853368070731,0.4745243595912722,,0.8335675154119958,NVIDIA A100-SXM4-40GB,gpua100,,16,CUDA autocast FP16 inference; training N/A,2.5.1+cu121,12.1,,${PROJECT_ROOT}/run/sthelar40x_klt_5class_slideind_foldA_cellvit256_frozen_seed42/eval/inference_efficiency_metrics.json
CellViT-256,Frozen,B,42,46750349,0,0.0,,,,,,1.336219310760498,1.8671875,9.654536508460096,26335,0.7954207793522314,0.6758827346688349,0.561385454804853,,0.8577758975449068,NVIDIA A100-SXM4-40GB,gpua100,,16,CUDA autocast FP16 inference; training N/A,2.5.1+cu121,12.1,,${PROJECT_ROOT}/run/sthelar40x_klt_5class_slideind_foldB_cellvit256_frozen_seed42/eval/inference_efficiency_metrics.json
CellViT-256,LP,A,42,46743419,650,0.001390570082175632,16685.01779540896,1668.4863035309013,1.3362035751342773,1.87890625,187219887,1.6105871200561523,1.9140625,10.502266002634972,23494,0.7350798889814052,0.6027798047286639,0.4470146875170736,0.1735879173535535,0.828397716727502,NVIDIA A100-SXM4-40GB,gpua100,4,16,CUDA autocast FP16 train/inference; GradScaler train,2.5.1+cu121,12.1,${PROJECT_ROOT}/run/sthelar40x_klt_5class_slideind_foldA_cellvit256_lp_final_heads_e10_seed42/log/2026-08-24T195358_sthelar40x_klt_5class_slideind_foldA_cellvit256_lp_final_heads_e10_seed42/efficiency_metrics.json,${PROJECT_ROOT}/run/sthelar40x_klt_5class_slideind_foldA_cellvit256_lp_final_heads_e10_seed42/log/2026-08-24T195358_sthelar40x_klt_5class_slideind_foldA_cellvit256_lp_final_heads_e10_seed42/inference_efficiency_metrics.json
CellViT-256,LP,B,42,46743419,650,0.001390570082175632,14436.497707564966,1443.6322451136773,1.3362035751342773,1.880859375,187219887,1.6105871200561523,1.9140625,9.468238412167613,26335,0.7883824143712046,0.665693568186594,0.548296443364743,0.19942561391390215,0.8531297569557991,NVIDIA A100-SXM4-40GB,gpua100,4,16,CUDA autocast FP16 train/inference; GradScaler train,2.5.1+cu121,12.1,${PROJECT_ROOT}/run/sthelar40x_klt_5class_slideind_foldB_cellvit256_lp_final_heads_e10_seed42/log/2026-08-24T203638_sthelar40x_klt_5class_slideind_foldB_cellvit256_lp_final_heads_e10_seed42/efficiency_metrics.json,${PROJECT_ROOT}/run/sthelar40x_klt_5class_slideind_foldB_cellvit256_lp_final_heads_e10_seed42/log/2026-08-24T203638_sthelar40x_klt_5class_slideind_foldB_cellvit256_lp_final_heads_e10_seed42/inference_efficiency_metrics.json
CellViT-256,Selected PEFT,A,42,47116967,374198,0.7941894901681595,24857.718075667,2485.750359053003,2.040327548980713,3.3046875,191842847,1.5810580253601074,3.3046875,9.632777223660826,23494,0.7675673801643902,0.6409130347934934,0.46841751813710164,0.19046554269895757,0.8244940951433977,NVIDIA A100-SXM4-40GB,gpua100,4,16,CUDA autocast FP16 train/inference; GradScaler train,2.5.1+cu121,12.1,${PROJECT_ROOT}/run/sthelar40x_klt_5class_slideind_foldA_cellvit256_lora_adaptformer_r8_a8_red16_heads_e10_seed42/log/2026-08-25T114238_sthelar40x_klt_5class_slideind_foldA_cellvit256_lora_adaptformer_r8_a8_red16_heads_e10_seed42/efficiency_metrics.json,${PROJECT_ROOT}/run/sthelar40x_klt_5class_slideind_foldA_cellvit256_lora_adaptformer_r8_a8_red16_heads_e10_seed42/log/2026-08-25T114238_sthelar40x_klt_5class_slideind_foldA_cellvit256_lora_adaptformer_r8_a8_red16_heads_e10_seed42/inference_efficiency_metrics.json
CellViT-256,Selected PEFT,B,42,47116967,374198,0.7941894901681595,18655.760390625,1865.5669416709993,2.040327548980713,3.3046875,191842847,1.5810580253601074,3.3046875,9.144160162527552,26335,0.8147085949506604,0.7000795457453479,0.5675917229322182,0.19522308006393244,0.8593128212795217,NVIDIA A100-SXM4-40GB,gpua100,4,16,CUDA autocast FP16 train/inference; GradScaler train,2.5.1+cu121,12.1,${PROJECT_ROOT}/run/sthelar40x_klt_5class_slideind_foldB_cellvit256_lora_adaptformer_r8_a8_red16_heads_e10_seed42/log/2026-08-25T114238_sthelar40x_klt_5class_slideind_foldB_cellvit256_lora_adaptformer_r8_a8_red16_heads_e10_seed42/efficiency_metrics.json,${PROJECT_ROOT}/run/sthelar40x_klt_5class_slideind_foldB_cellvit256_lora_adaptformer_r8_a8_red16_heads_e10_seed42/log/2026-08-25T114238_sthelar40x_klt_5class_slideind_foldB_cellvit256_lora_adaptformer_r8_a8_red16_heads_e10_seed42/inference_efficiency_metrics.json
CellViT-256,FullFT,A,42,46743419,46743419,100.0,21537.15918789996,2153.7036647962987,2.667426109313965,4.025390625,561446912,1.6177992820739746,4.025390625,8.69115071877114,23494,0.7868975778545749,0.6730208726790557,0.5109647691353661,0.19271648757002782,0.835910749993152,NVIDIA A100-SXM4-40GB,gpua100,4,16,CUDA autocast FP16 train/inference; GradScaler train,2.5.1+cu121,12.1,${PROJECT_ROOT}/run/sthelar40x_klt_5class_slideind_foldA_cellvit256_fullft_lr1e-5_e10_seed42/log/2026-08-24T115109_sthelar40x_klt_5class_slideind_foldA_cellvit256_fullft_lr1e-5_e10_seed42/efficiency_metrics.json,${PROJECT_ROOT}/run/sthelar40x_klt_5class_slideind_foldA_cellvit256_fullft_lr1e-5_e10_seed42/log/2026-08-24T115109_sthelar40x_klt_5class_slideind_foldA_cellvit256_fullft_lr1e-5_e10_seed42/inference_efficiency_metrics.json
CellViT-256,FullFT,B,42,46743419,46743419,100.0,18616.31245786103,1861.5868897201144,2.667426109313965,4.033203125,561446912,1.6177992820739746,4.033203125,8.203984795955659,26335,0.8330618212277234,0.726075136727723,0.5963669273088784,0.204571594341422,0.8658868569538984,NVIDIA A100-SXM4-40GB,gpua100,4,16,CUDA autocast FP16 train/inference; GradScaler train,2.5.1+cu121,12.1,${PROJECT_ROOT}/run/sthelar40x_klt_5class_slideind_foldB_cellvit256_fullft_lr1e-5_e10_seed42/log/2026-08-24T115109_sthelar40x_klt_5class_slideind_foldB_cellvit256_fullft_lr1e-5_e10_seed42/efficiency_metrics.json,${PROJECT_ROOT}/run/sthelar40x_klt_5class_slideind_foldB_cellvit256_fullft_lr1e-5_e10_seed42/log/2026-08-24T115109_sthelar40x_klt_5class_slideind_foldB_cellvit256_fullft_lr1e-5_e10_seed42/inference_efficiency_metrics.json
