comparison,metric,directionality,lhs_value,rhs_value,absolute_delta_lhs_minus_rhs,relative_delta_percent
SAM-H PEFT vs SAM-H FullFT,mPQ,higher_better,0.2237341856706116,0.20324449692542634,0.020489688745185253,10.081300628131284
SAM-H PEFT vs SAM-H FullFT,bPQ,higher_better,0.5647008454340166,0.5641688175458337,0.0005320278881828511,0.09430295890815454
SAM-H PEFT vs SAM-H FullFT,F1 detection,higher_better,0.852839977158933,0.8469242994512918,0.0059156777076412315,0.6984895475869557
SAM-H PEFT vs SAM-H FullFT,Dice,higher_better,0.8137113135025267,0.8147790907924335,-0.0010677772899068128,-0.13105114036103815
SAM-H PEFT vs SAM-H FullFT,trainable parameters,lower_better,7908779,699736523,-691827744,-98.86974900694157
SAM-H PEFT vs SAM-H FullFT,training wall hours,lower_better,7.39775426580611,7.985664737308473,-0.5879104715023624,-7.362073050170581
SAM-H PEFT vs SAM-H FullFT,mean minutes per epoch,lower_better,44.38623825516249,47.91386053108248,-3.5276222759199882,-7.362425479432122
SAM-H PEFT vs SAM-H FullFT,training peak allocated GiB,lower_better,9.36176872253418,15.507665157318115,-6.1458964347839355,-39.63134599848945
SAM-H PEFT vs SAM-H FullFT,training peak reserved GiB,lower_better,11.091796875,18.4287109375,-7.3369140625,-39.81241057707594
SAM-H PEFT vs SAM-H FullFT,current training checkpoint bytes,lower_better,2894602378.0,8397788372.0,-5503185994.0,-65.53137266888965
SAM-H PEFT vs SAM-H FullFT,inference model weight bytes,lower_better,2831044052,2799293042,31751010,1.1342510242269954
SAM-H PEFT vs SAM-H FullFT,inference peak allocated GiB,lower_better,6.834444999694824,7.882327079772949,-1.047882080078125,-13.294070005888535
SAM-H PEFT vs SAM-H FullFT,inference patches per second,higher_better,8.328897350519672,8.931156104291883,-0.6022587537722117,-6.743345953641944
CellViT-256 PEFT vs CellViT-256 FullFT,mPQ,higher_better,0.192844311381445,0.1986440409557249,-0.005799729574279905,-2.9196594805341203
CellViT-256 PEFT vs CellViT-256 FullFT,bPQ,higher_better,0.5180046205346599,0.5536658482221223,-0.03566122768746238,-6.440929633275061
CellViT-256 PEFT vs CellViT-256 FullFT,F1 detection,higher_better,0.8419034582114597,0.8508988034735252,-0.008995345262065468,-1.057158057496943
CellViT-256 PEFT vs CellViT-256 FullFT,Dice,higher_better,0.7911379875575253,0.8099796995411492,-0.018841711983623943,-2.3261955817284963
CellViT-256 PEFT vs CellViT-256 FullFT,trainable parameters,lower_better,374198,46743419,-46369221,-99.1994637790616
CellViT-256 PEFT vs CellViT-256 FullFT,training wall hours,lower_better,6.043538675873889,5.576871061911248,0.4666676139626409,8.367911124032856
CellViT-256 PEFT vs CellViT-256 FullFT,mean minutes per epoch,lower_better,36.26097750603335,33.46075462097011,2.800222885063242,8.368678222541703
CellViT-256 PEFT vs CellViT-256 FullFT,training peak allocated GiB,lower_better,2.040327548980713,2.667426109313965,-0.627098560333252,-23.509500718448596
CellViT-256 PEFT vs CellViT-256 FullFT,training peak reserved GiB,lower_better,3.3046875,4.029296875,-0.724609375,-17.983519146873483
CellViT-256 PEFT vs CellViT-256 FullFT,current training checkpoint bytes,lower_better,191842847.0,561446912.0,-369604065.0,-65.83063458010434
CellViT-256 PEFT vs CellViT-256 FullFT,inference model weight bytes,lower_better,188732694,187194214,1538480,0.8218630090778278
CellViT-256 PEFT vs CellViT-256 FullFT,inference peak allocated GiB,lower_better,1.5810580253601074,1.6177992820739746,-0.03674125671386719,-2.2710639769085494
CellViT-256 PEFT vs CellViT-256 FullFT,inference patches per second,higher_better,9.38846869309419,8.4475677573634,0.9409009357307898,11.138128308123306
SAM-H PEFT vs CellViT-256 PEFT,mPQ,higher_better,0.2237341856706116,0.192844311381445,0.03088987428916659,16.018037590990474
SAM-H PEFT vs CellViT-256 PEFT,bPQ,higher_better,0.5647008454340166,0.5180046205346599,0.04669622489935665,9.01463482143441
SAM-H PEFT vs CellViT-256 PEFT,F1 detection,higher_better,0.852839977158933,0.8419034582114597,0.010936518947473273,1.2990229272495046
SAM-H PEFT vs CellViT-256 PEFT,Dice,higher_better,0.8137113135025267,0.7911379875575253,0.022573325945001388,2.853272918254346
SAM-H PEFT vs CellViT-256 PEFT,trainable parameters,lower_better,7908779,374198,7534581,2013.5278649271243
SAM-H PEFT vs CellViT-256 PEFT,training wall hours,lower_better,7.39775426580611,6.043538675873889,1.3542155899322212,22.407659858922035
SAM-H PEFT vs CellViT-256 PEFT,mean minutes per epoch,lower_better,44.38623825516249,36.26097750603335,8.12526074912914,22.407726729863263
SAM-H PEFT vs CellViT-256 PEFT,training peak allocated GiB,lower_better,9.36176872253418,2.040327548980713,7.321441173553467,358.83655921869223
SAM-H PEFT vs CellViT-256 PEFT,training peak reserved GiB,lower_better,11.091796875,3.3046875,7.787109375,235.63829787234042
SAM-H PEFT vs CellViT-256 PEFT,current training checkpoint bytes,lower_better,2894602378.0,191842847.0,2702759531.0,1408.840398933404
SAM-H PEFT vs CellViT-256 PEFT,inference model weight bytes,lower_better,2831044052,188732694,2642311358,1400.028422208608
SAM-H PEFT vs CellViT-256 PEFT,inference peak allocated GiB,lower_better,6.834444999694824,1.5810580253601074,5.253386974334717,332.2703461903738
SAM-H PEFT vs CellViT-256 PEFT,inference patches per second,higher_better,8.328897350519672,9.38846869309419,-1.0595713425745181,-11.28588034120942
SAM-H PEFT vs CellViT-256 FullFT,mPQ,higher_better,0.2237341856706116,0.1986440409557249,0.025090144714886686,12.630705957335486
SAM-H PEFT vs CellViT-256 FullFT,bPQ,higher_better,0.5647008454340166,0.5536658482221223,0.01103499721189427,1.993078902614065
SAM-H PEFT vs CellViT-256 FullFT,F1 detection,higher_better,0.852839977158933,0.8508988034735252,0.0019411736854078043,0.2281321442084039
SAM-H PEFT vs CellViT-256 FullFT,Dice,higher_better,0.8137113135025267,0.8099796995411492,0.0037316139613774446,0.46070462796676814
SAM-H PEFT vs CellViT-256 FullFT,trainable parameters,lower_better,7908779,46743419,-38834640,-83.08044390163244
SAM-H PEFT vs CellViT-256 FullFT,training wall hours,lower_better,7.39775426580611,5.576871061911248,1.8208832038948621,32.65062404492507
SAM-H PEFT vs CellViT-256 FullFT,mean minutes per epoch,lower_better,44.38623825516249,33.46075462097011,10.925483634192382,32.6516354994137
SAM-H PEFT vs CellViT-256 FullFT,training peak allocated GiB,lower_better,9.36176872253418,2.667426109313965,6.694342613220215,250.96637503266894
SAM-H PEFT vs CellViT-256 FullFT,training peak reserved GiB,lower_better,11.091796875,4.029296875,7.0625,175.2787203102278
SAM-H PEFT vs CellViT-256 FullFT,current training checkpoint bytes,lower_better,2894602378.0,561446912.0,2333155466.0,415.5611895145663
SAM-H PEFT vs CellViT-256 FullFT,inference model weight bytes,lower_better,2831044052,187194214,2643849838,1412.3566009363942
SAM-H PEFT vs CellViT-256 FullFT,inference peak allocated GiB,lower_better,6.834444999694824,1.6177992820739746,5.21664571762085,322.45321007518635
SAM-H PEFT vs CellViT-256 FullFT,inference patches per second,higher_better,8.328897350519672,8.4475677573634,-0.11867040684372832,-1.4047878661912816
SAM-H PEFT vs SAM-H FullFT,deployment bytes N=1,lower_better,2831155562,2799293042,31862520,1.1382345300024577
SAM-H PEFT vs SAM-H FullFT,deployment bytes N=3,lower_better,2894843610,8397879126,-5503035516,-65.52887262883426
SAM-H PEFT vs SAM-H FullFT,deployment bytes N=6,lower_better,2990375682,16795758252,-13805382570,-82.19564941854344
SAM-H PEFT vs SAM-H FullFT,deployment bytes N=9,lower_better,3085907754,25193637378,-22107729624,-87.75124168177983
CellViT-256 PEFT vs CellViT-256 FullFT,deployment bytes N=1,lower_better,188845530,187194214,1651316,0.8821405131677951
CellViT-256 PEFT vs CellViT-256 FullFT,deployment bytes N=3,lower_better,192092738,561582642,-369489904,-65.79439540440781
CellViT-256 PEFT vs CellViT-256 FullFT,deployment bytes N=6,lower_better,196963550,1123165284,-926201734,-82.46352938380171
CellViT-256 PEFT vs CellViT-256 FullFT,deployment bytes N=9,lower_better,201834362,1684747926,-1482913564,-88.01990737693302
SAM-H PEFT vs CellViT-256 PEFT,deployment bytes N=1,lower_better,2831155562,188845530,2642310032,1399.1911971652175
SAM-H PEFT vs CellViT-256 PEFT,deployment bytes N=3,lower_better,2894843610,192092738,2702750872,1407.0031486562496
SAM-H PEFT vs CellViT-256 PEFT,deployment bytes N=6,lower_better,2990375682,196963550,2793412132,1418.2381115693743
SAM-H PEFT vs CellViT-256 PEFT,deployment bytes N=9,lower_better,3085907754,201834362,2884073392,1428.9308140702028
SAM-H PEFT vs CellViT-256 FullFT,deployment bytes N=1,lower_better,2831155562,187194214,2643961348,1412.416170085257
SAM-H PEFT vs CellViT-256 FullFT,deployment bytes N=3,lower_better,2894843610,561582642,2333260968,415.479538272481
SAM-H PEFT vs CellViT-256 FullFT,deployment bytes N=6,lower_better,2990375682,1123165284,1867210398,166.24538031928702
SAM-H PEFT vs CellViT-256 FullFT,deployment bytes N=9,lower_better,3085907754,1684747926,1401159828,83.16732766822234
