target_adapter,semantic_task,tissue,semantic_role,seed,model_backbone,adapter_configuration,epoch_checkpoint,training_slides,validation_slides,held_out_test_slide,config_path,source_checkpoint_path,source_checkpoint_sha256,existing_adapter_export_path,existing_adapter_sha256,final_adapter_path,final_adapter_sha256,adapter_config_path,adapter_config_sha256,verification_path,verification_sha256,matches_selected_peft,scientifically_canonical,exact_load_forward_verification,status,reason
klt/fold_a/seed42,KLT,KLT,fold_a,42,CellViT-SAM-H-x40,"LoRA Q,V r8 alpha8 dropout0 + AdaptFormer red16 GELU + final NP/HV/NT heads; encoder base and decoder body frozen",10,kidney_s0;liver_s0;tonsil_s0,kidney_s0;liver_s0;tonsil_s0,kidney_s1;liver_s1;tonsil_s1,configs/release/complete_slide_v1/training/klt/fold_a_seed42.yaml,run/sthelar40x_klt_5class_slideind_foldA_lora_adaptformer_r8_a8_red16_heads_e10_seed42/log/2026-08-19T105648_sthelar40x_klt_5class_slideind_foldA_lora_adaptformer_r8_a8_red16_heads_e10_seed42/checkpoints/checkpoint_10.pth,f5d8a6f75df7a9294cb8bc03a6f7771d1cb04f995d1d78246316e2bcdd270ae5,release/huggingface/adapters/cellvit-sam-h-x40/klt/slideind/folda/seed42/adapter_model.safetensors,a090a14902379988b89ce0585680a8139a4161d11d6bf27bce5d40845247c51e,release/huggingface/complete_slide_v1/adapters/complete_slide_v1/samh/klt/fold_a/seed42/adapter.safetensors,a090a14902379988b89ce0585680a8139a4161d11d6bf27bce5d40845247c51e,release/huggingface/complete_slide_v1/adapters/complete_slide_v1/samh/klt/fold_a/seed42/adapter_config.json,b4ff735962111433f044a61a3bd85522e8080448380c6788467838622c2bec0d,release/huggingface/complete_slide_v1/adapters/complete_slide_v1/samh/klt/fold_a/seed42/verification.json,92ba2eb1a7efcb361af794180a4e0868a5461d5a247b114f290944b0b3ac1780,yes,yes,yes,VERIFIED_EXISTING,Exact source-state reconstruction and deterministic forward equality are recorded.
klt/fold_b/seed42,KLT,KLT,fold_b,42,CellViT-SAM-H-x40,"LoRA Q,V r8 alpha8 dropout0 + AdaptFormer red16 GELU + final NP/HV/NT heads; encoder base and decoder body frozen",10,kidney_s1;liver_s1;tonsil_s1,kidney_s1;liver_s1;tonsil_s1,kidney_s0;liver_s0;tonsil_s0,configs/release/complete_slide_v1/training/klt/fold_b_seed42.yaml,run/sthelar40x_klt_5class_slideind_foldB_lora_adaptformer_r8_a8_red16_heads_e10_seed42/log/2026-08-20T112527_sthelar40x_klt_5class_slideind_foldB_lora_adaptformer_r8_a8_red16_heads_e10_seed42/checkpoints/checkpoint_10.pth,52f5c3bfee2d5413e7601b14f844018ef25f6e58493afa18e1a105e7314e9817,release/huggingface/adapters/cellvit-sam-h-x40/klt/slideind/foldb/seed42/adapter_model.safetensors,0e897f4a468953a702fc24058db299d0602e79481411756ca7338f62c3896fed,release/huggingface/complete_slide_v1/adapters/complete_slide_v1/samh/klt/fold_b/seed42/adapter.safetensors,0e897f4a468953a702fc24058db299d0602e79481411756ca7338f62c3896fed,release/huggingface/complete_slide_v1/adapters/complete_slide_v1/samh/klt/fold_b/seed42/adapter_config.json,06f7a873a4cdf43f24b6e6993a39ca5c6f39cf3b9d57441128c0d0d657644ae5,release/huggingface/complete_slide_v1/adapters/complete_slide_v1/samh/klt/fold_b/seed42/verification.json,1aa68187e146b85f2c66c9f07c337a4a75e465c1259ce203f91177c00df5e67d,yes,yes,yes,VERIFIED_EXISTING,Exact source-state reconstruction and deterministic forward equality are recorded.
klt/all_slides/seed42,KLT,KLT,all_slides,42,CellViT-SAM-H-x40,"LoRA Q,V r8 alpha8 dropout0 + AdaptFormer red16 GELU + final NP/HV/NT heads; encoder base and decoder body frozen",10,kidney_s0;kidney_s1;liver_s0;liver_s1;tonsil_s0;tonsil_s1,kidney_s0;kidney_s1;liver_s0;liver_s1;tonsil_s0;tonsil_s1,none,configs/release/complete_slide_v1/training/klt/all_slides_seed42.yaml,,,,,,,,,,,pending,deployment,no,MISSING_NEEDS_TRAINING,No source package exists; submit canonical all-slides deployment training.
tissue_specific/breast/fold_a/seed42,tissue_specific,breast,fold_a,42,CellViT-SAM-H-x40,"LoRA Q,V r8 alpha8 dropout0 + AdaptFormer red16 GELU + final NP/HV/NT heads; encoder base and decoder body frozen",10,breast_s0,breast_s0,breast_s1,configs/release/complete_slide_v1/training/tissue_specific/breast/fold_a_seed42.yaml,run/sthelar40x_breast_5class_slideind_foldA_lora_adaptformer_r8_a8_red16_heads_e10_seed42/log/2026-08-26T105512_sthelar40x_breast_5class_slideind_foldA_lora_adaptformer_r8_a8_red16_heads_e10_seed42/checkpoints/checkpoint_10.pth,c62403271b2c3e80137ae6ac6426cfe3e8be46c86ddec21edf65dcd576dc6949,release/huggingface/adapters/cellvit-sam-h-x40/tissue_specific/breast/slideind/folda/seed42/adapter_model.safetensors,ab7167931cc192fd7b41006e42b0df8ce679d1159b015ab4acd31225de9d7653,release/huggingface/complete_slide_v1/adapters/complete_slide_v1/samh/tissue_specific/breast/fold_a/seed42/adapter.safetensors,ab7167931cc192fd7b41006e42b0df8ce679d1159b015ab4acd31225de9d7653,release/huggingface/complete_slide_v1/adapters/complete_slide_v1/samh/tissue_specific/breast/fold_a/seed42/adapter_config.json,7e9b83bdee7b6b55b5f24494ad4b958c14c86be3d79c8e66b872a53aea87ecc6,release/huggingface/complete_slide_v1/adapters/complete_slide_v1/samh/tissue_specific/breast/fold_a/seed42/verification.json,8f9a5baf4b4dc1c2ca5a6bed0a80ae651ebfad54d9d076a89fd2db8e3362c925,yes,yes,yes,VERIFIED_EXISTING,Exact source-state reconstruction and deterministic forward equality are recorded.
tissue_specific/breast/fold_b/seed42,tissue_specific,breast,fold_b,42,CellViT-SAM-H-x40,"LoRA Q,V r8 alpha8 dropout0 + AdaptFormer red16 GELU + final NP/HV/NT heads; encoder base and decoder body frozen",10,breast_s1,breast_s1,breast_s0,configs/release/complete_slide_v1/training/tissue_specific/breast/fold_b_seed42.yaml,run/sthelar40x_breast_5class_slideind_foldB_lora_adaptformer_r8_a8_red16_heads_e10_seed42/log/2026-08-26T225723_sthelar40x_breast_5class_slideind_foldB_lora_adaptformer_r8_a8_red16_heads_e10_seed42/checkpoints/checkpoint_10.pth,976adaddf0ad1ba352324d9fde31825b6e49c5f617698b30e8220a1edd390e82,release/huggingface/adapters/cellvit-sam-h-x40/tissue_specific/breast/slideind/foldb/seed42/adapter_model.safetensors,51f6f46f6633020e9303d2e77bd88b193a8ad2cb932ec446383d9c2603e80675,release/huggingface/complete_slide_v1/adapters/complete_slide_v1/samh/tissue_specific/breast/fold_b/seed42/adapter.safetensors,51f6f46f6633020e9303d2e77bd88b193a8ad2cb932ec446383d9c2603e80675,release/huggingface/complete_slide_v1/adapters/complete_slide_v1/samh/tissue_specific/breast/fold_b/seed42/adapter_config.json,51bf5ae7aa7866fde0d13e8a0d011ce24d5b2fb2717f7bae14afb80805298958,release/huggingface/complete_slide_v1/adapters/complete_slide_v1/samh/tissue_specific/breast/fold_b/seed42/verification.json,d59bec05b95bffb3d333077a634fecede904abb26295a1b1b668c16ea9df292f,yes,yes,yes,VERIFIED_EXISTING,Exact source-state reconstruction and deterministic forward equality are recorded.
tissue_specific/breast/all_slides/seed42,tissue_specific,breast,all_slides,42,CellViT-SAM-H-x40,"LoRA Q,V r8 alpha8 dropout0 + AdaptFormer red16 GELU + final NP/HV/NT heads; encoder base and decoder body frozen",10,breast_s0;breast_s1,breast_s0;breast_s1,none,configs/release/complete_slide_v1/training/tissue_specific/breast/all_slides_seed42.yaml,,,,,,,,,,,pending,deployment,no,MISSING_NEEDS_TRAINING,No source package exists; submit canonical all-slides deployment training.
tissue_specific/colon/fold_a/seed42,tissue_specific,colon,fold_a,42,CellViT-SAM-H-x40,"LoRA Q,V r8 alpha8 dropout0 + AdaptFormer red16 GELU + final NP/HV/NT heads; encoder base and decoder body frozen",10,colon_s1,colon_s1,colon_s2,configs/release/complete_slide_v1/training/tissue_specific/colon/fold_a_seed42.yaml,run/sthelar40x_colon_5class_slideind_foldA_lora_adaptformer_r8_a8_red16_heads_e10_seed42/log/2026-08-26T110313_sthelar40x_colon_5class_slideind_foldA_lora_adaptformer_r8_a8_red16_heads_e10_seed42/checkpoints/checkpoint_10.pth,a543343e30eb47d8f7d8619c98c1e2b1a0b79f6609e189ac320593e3c8f20b81,release/huggingface/adapters/cellvit-sam-h-x40/tissue_specific/colon/slideind/folda/seed42/adapter_model.safetensors,9654a0644929634576f9ecab4b339ee5f3bb2f617e69e0443a6e5317453a8be4,release/huggingface/complete_slide_v1/adapters/complete_slide_v1/samh/tissue_specific/colon/fold_a/seed42/adapter.safetensors,9654a0644929634576f9ecab4b339ee5f3bb2f617e69e0443a6e5317453a8be4,release/huggingface/complete_slide_v1/adapters/complete_slide_v1/samh/tissue_specific/colon/fold_a/seed42/adapter_config.json,ffbc9ff3c54580aec163ea104b2b0f1642a7f838c5f444444f6296bfe7519bdb,release/huggingface/complete_slide_v1/adapters/complete_slide_v1/samh/tissue_specific/colon/fold_a/seed42/verification.json,f5371563e27245ea0b8ef283dc944d0583f0c811dd1a4b4e3bc7b3c3b7619bf2,yes,yes,yes,VERIFIED_EXISTING,Exact source-state reconstruction and deterministic forward equality are recorded.
tissue_specific/colon/fold_b/seed42,tissue_specific,colon,fold_b,42,CellViT-SAM-H-x40,"LoRA Q,V r8 alpha8 dropout0 + AdaptFormer red16 GELU + final NP/HV/NT heads; encoder base and decoder body frozen",10,colon_s2,colon_s2,colon_s1,configs/release/complete_slide_v1/training/tissue_specific/colon/fold_b_seed42.yaml,run/sthelar40x_colon_5class_slideind_foldB_lora_adaptformer_r8_a8_red16_heads_e10_seed42/log/2026-08-27T154219_sthelar40x_colon_5class_slideind_foldB_lora_adaptformer_r8_a8_red16_heads_e10_seed42/checkpoints/checkpoint_10.pth,fe3a308345035f1b8a09882ed90664362155456dcc4e40ccbcb0db9075be839a,release/huggingface/adapters/cellvit-sam-h-x40/tissue_specific/colon/slideind/foldb/seed42/adapter_model.safetensors,df959494df9a4934dbc450507a8a073c63402c4bf2f6eae9536a81ce362ce08e,release/huggingface/complete_slide_v1/adapters/complete_slide_v1/samh/tissue_specific/colon/fold_b/seed42/adapter.safetensors,df959494df9a4934dbc450507a8a073c63402c4bf2f6eae9536a81ce362ce08e,release/huggingface/complete_slide_v1/adapters/complete_slide_v1/samh/tissue_specific/colon/fold_b/seed42/adapter_config.json,3a6b45c96a032cd342a9cf957b3bf4c9c50f334106d25b08845e016599d07178,release/huggingface/complete_slide_v1/adapters/complete_slide_v1/samh/tissue_specific/colon/fold_b/seed42/verification.json,2b2580b6d66b604947e8d16dc891f3d6238211caf0a58f1831951af735249373,yes,yes,yes,VERIFIED_EXISTING,Exact source-state reconstruction and deterministic forward equality are recorded.
tissue_specific/colon/all_slides/seed42,tissue_specific,colon,all_slides,42,CellViT-SAM-H-x40,"LoRA Q,V r8 alpha8 dropout0 + AdaptFormer red16 GELU + final NP/HV/NT heads; encoder base and decoder body frozen",10,colon_s1;colon_s2,colon_s1;colon_s2,none,configs/release/complete_slide_v1/training/tissue_specific/colon/all_slides_seed42.yaml,,,,,,,,,,,pending,deployment,no,MISSING_NEEDS_TRAINING,No source package exists; submit canonical all-slides deployment training.
tissue_specific/kidney/fold_a/seed42,tissue_specific,kidney,fold_a,42,CellViT-SAM-H-x40,"LoRA Q,V r8 alpha8 dropout0 + AdaptFormer red16 GELU + final NP/HV/NT heads; encoder base and decoder body frozen",10,kidney_s0,kidney_s0,kidney_s1,configs/release/complete_slide_v1/training/tissue_specific/kidney/fold_a_seed42.yaml,run/sthelar40x_kidney_5class_slideind_foldA_lora_adaptformer_r8_a8_red16_heads_e10_seed42/log/2026-08-25T220941_sthelar40x_kidney_5class_slideind_foldA_lora_adaptformer_r8_a8_red16_heads_e10_seed42/checkpoints/checkpoint_10.pth,4fba1438f191419d67abeb9c480343988a20b696e89d398ed378530bb265fe57,release/huggingface/adapters/cellvit-sam-h-x40/tissue_specific/kidney/slideind/folda/seed42/adapter_model.safetensors,c83e2cfd2807b38149c6671b912dc980766dd5b40927dde0bfe56d335aa7c219,release/huggingface/complete_slide_v1/adapters/complete_slide_v1/samh/tissue_specific/kidney/fold_a/seed42/adapter.safetensors,c83e2cfd2807b38149c6671b912dc980766dd5b40927dde0bfe56d335aa7c219,release/huggingface/complete_slide_v1/adapters/complete_slide_v1/samh/tissue_specific/kidney/fold_a/seed42/adapter_config.json,c8e61e266748462a0bf31513f9e142f261717ebb7f9b28c802294063053e6676,release/huggingface/complete_slide_v1/adapters/complete_slide_v1/samh/tissue_specific/kidney/fold_a/seed42/verification.json,00395d47c24068151cf439a06c37858fc7d5a5cc9ece858c1a4b84b390e30040,yes,yes,yes,VERIFIED_EXISTING,Exact source-state reconstruction and deterministic forward equality are recorded.
tissue_specific/kidney/fold_b/seed42,tissue_specific,kidney,fold_b,42,CellViT-SAM-H-x40,"LoRA Q,V r8 alpha8 dropout0 + AdaptFormer red16 GELU + final NP/HV/NT heads; encoder base and decoder body frozen",10,kidney_s1,kidney_s1,kidney_s0,configs/release/complete_slide_v1/training/tissue_specific/kidney/fold_b_seed42.yaml,run/sthelar40x_kidney_5class_slideind_foldB_lora_adaptformer_r8_a8_red16_heads_e10_seed42/log/2026-08-29T060654_sthelar40x_kidney_5class_slideind_foldB_lora_adaptformer_r8_a8_red16_heads_e10_seed42/checkpoints/checkpoint_10.pth,f05d57f13204aabb7a9c5690fc7480141279afdb9b79934809aea897620fc34b,adapters/slide_exp_safetensors/sthelar40x_kidney_5class_slideind_foldB_lora_adaptformer_r8_a8_red16_heads_e10_seed42/adapter_model.safetensors,490667bbc9c105045e0151a2828bc02decc27d1cd036590235caee7d51199430,release/huggingface/complete_slide_v1/adapters/complete_slide_v1/samh/tissue_specific/kidney/fold_b/seed42/adapter.safetensors,490667bbc9c105045e0151a2828bc02decc27d1cd036590235caee7d51199430,release/huggingface/complete_slide_v1/adapters/complete_slide_v1/samh/tissue_specific/kidney/fold_b/seed42/adapter_config.json,0208d0633be571da5cf3f14c0c7627c139d8c169b18dc6a029338f399fc0b482,release/huggingface/complete_slide_v1/adapters/complete_slide_v1/samh/tissue_specific/kidney/fold_b/seed42/verification.json,4f47487237b1a1083d49393f17289fbbea4676219092d8d16aaddc8b1dad631a,yes,yes,yes,VERIFIED_EXISTING,Exact source-state reconstruction and deterministic forward equality are recorded.
tissue_specific/kidney/all_slides/seed42,tissue_specific,kidney,all_slides,42,CellViT-SAM-H-x40,"LoRA Q,V r8 alpha8 dropout0 + AdaptFormer red16 GELU + final NP/HV/NT heads; encoder base and decoder body frozen",10,kidney_s0;kidney_s1,kidney_s0;kidney_s1,none,configs/release/complete_slide_v1/training/tissue_specific/kidney/all_slides_seed42.yaml,,,,,,,,,,,pending,deployment,no,MISSING_NEEDS_TRAINING,No source package exists; submit canonical all-slides deployment training.
tissue_specific/liver/fold_a/seed42,tissue_specific,liver,fold_a,42,CellViT-SAM-H-x40,"LoRA Q,V r8 alpha8 dropout0 + AdaptFormer red16 GELU + final NP/HV/NT heads; encoder base and decoder body frozen",10,liver_s0,liver_s0,liver_s1,configs/release/complete_slide_v1/training/tissue_specific/liver/fold_a_seed42.yaml,run/sthelar40x_liver_5class_slideind_foldA_lora_adaptformer_r8_a8_red16_heads_e10_seed42/log/2026-08-25T220941_sthelar40x_liver_5class_slideind_foldA_lora_adaptformer_r8_a8_red16_heads_e10_seed42/checkpoints/checkpoint_10.pth,60d11532e19ea7c6fc9a191f7237c633aaf08e7ba03de50023c924a5adc0fd5b,release/huggingface/adapters/cellvit-sam-h-x40/tissue_specific/liver/slideind/folda/seed42/adapter_model.safetensors,2152328ff703f7fd9d34bd877594ce1367882328b9ebb0b6cf80e5ac266e69d8,release/huggingface/complete_slide_v1/adapters/complete_slide_v1/samh/tissue_specific/liver/fold_a/seed42/adapter.safetensors,2152328ff703f7fd9d34bd877594ce1367882328b9ebb0b6cf80e5ac266e69d8,release/huggingface/complete_slide_v1/adapters/complete_slide_v1/samh/tissue_specific/liver/fold_a/seed42/adapter_config.json,335f156e0720fb3d8000697491b8df167cd8f6dd449293129b6202cd3f6ffe48,release/huggingface/complete_slide_v1/adapters/complete_slide_v1/samh/tissue_specific/liver/fold_a/seed42/verification.json,b8922a473b02859195a4f38dd102baa2ad295f167a175a100a164a69f746b8f4,yes,yes,yes,VERIFIED_EXISTING,Exact source-state reconstruction and deterministic forward equality are recorded.
tissue_specific/liver/fold_b/seed42,tissue_specific,liver,fold_b,42,CellViT-SAM-H-x40,"LoRA Q,V r8 alpha8 dropout0 + AdaptFormer red16 GELU + final NP/HV/NT heads; encoder base and decoder body frozen",10,liver_s1,liver_s1,liver_s0,configs/release/complete_slide_v1/training/tissue_specific/liver/fold_b_seed42.yaml,run/sthelar40x_liver_5class_slideind_foldB_lora_adaptformer_r8_a8_red16_heads_e10_seed42/log/2026-08-29T060941_sthelar40x_liver_5class_slideind_foldB_lora_adaptformer_r8_a8_red16_heads_e10_seed42/checkpoints/checkpoint_10.pth,29f6001e358994c4254304ed4ee3c7c0f31059e68049f5461c18742ce0f3a002,adapters/slide_exp_safetensors/sthelar40x_liver_5class_slideind_foldB_lora_adaptformer_r8_a8_red16_heads_e10_seed42/adapter_model.safetensors,9259464cb714568d5dc4c22006c7307bfc2aea4648e8045c06faf3d3be9e701e,release/huggingface/complete_slide_v1/adapters/complete_slide_v1/samh/tissue_specific/liver/fold_b/seed42/adapter.safetensors,9259464cb714568d5dc4c22006c7307bfc2aea4648e8045c06faf3d3be9e701e,release/huggingface/complete_slide_v1/adapters/complete_slide_v1/samh/tissue_specific/liver/fold_b/seed42/adapter_config.json,75431309608276b7a80314f963c4034a2711d304b300787eaecaa587b6a174d3,release/huggingface/complete_slide_v1/adapters/complete_slide_v1/samh/tissue_specific/liver/fold_b/seed42/verification.json,c72cfb4aacfbbfe9f569ee991076bad7b6c37d60e4479d84f507876848f11824,yes,yes,yes,VERIFIED_EXISTING,Exact source-state reconstruction and deterministic forward equality are recorded.
tissue_specific/liver/all_slides/seed42,tissue_specific,liver,all_slides,42,CellViT-SAM-H-x40,"LoRA Q,V r8 alpha8 dropout0 + AdaptFormer red16 GELU + final NP/HV/NT heads; encoder base and decoder body frozen",10,liver_s0;liver_s1,liver_s0;liver_s1,none,configs/release/complete_slide_v1/training/tissue_specific/liver/all_slides_seed42.yaml,,,,,,,,,,,pending,deployment,no,MISSING_NEEDS_TRAINING,No source package exists; submit canonical all-slides deployment training.
tissue_specific/lung/fold_a/seed42,tissue_specific,lung,fold_a,42,CellViT-SAM-H-x40,"LoRA Q,V r8 alpha8 dropout0 + AdaptFormer red16 GELU + final NP/HV/NT heads; encoder base and decoder body frozen",10,lung_s1,lung_s1,lung_s3,configs/release/complete_slide_v1/training/tissue_specific/lung/fold_a_seed42.yaml,run/sthelar40x_lung_5class_slideind_foldA_lora_adaptformer_r8_a8_red16_heads_e10_seed42/log/2026-08-26T141800_sthelar40x_lung_5class_slideind_foldA_lora_adaptformer_r8_a8_red16_heads_e10_seed42/checkpoints/checkpoint_10.pth,dc3c018e4289de17f2a53b59dc908c5aadc28d6e7435ec5c6f2b42951c386486,release/huggingface/adapters/cellvit-sam-h-x40/tissue_specific/lung/slideind/folda/seed42/adapter_model.safetensors,fd2f2ef49e66891764a247859013f649bb683f98b03b1eb38b353eb4efbe519b,release/huggingface/complete_slide_v1/adapters/complete_slide_v1/samh/tissue_specific/lung/fold_a/seed42/adapter.safetensors,fd2f2ef49e66891764a247859013f649bb683f98b03b1eb38b353eb4efbe519b,release/huggingface/complete_slide_v1/adapters/complete_slide_v1/samh/tissue_specific/lung/fold_a/seed42/adapter_config.json,a693223a5f84b717c86f1b1dfed5a60d6a2e298784fe42d371cba9bfc93aa547,release/huggingface/complete_slide_v1/adapters/complete_slide_v1/samh/tissue_specific/lung/fold_a/seed42/verification.json,b84684af2193a1db85e2396ccd608e67fb49f06c97eec22ced07f32fa8d74e59,yes,yes,yes,VERIFIED_EXISTING,Exact source-state reconstruction and deterministic forward equality are recorded.
tissue_specific/lung/fold_b/seed42,tissue_specific,lung,fold_b,42,CellViT-SAM-H-x40,"LoRA Q,V r8 alpha8 dropout0 + AdaptFormer red16 GELU + final NP/HV/NT heads; encoder base and decoder body frozen",10,lung_s3,lung_s3,lung_s1,configs/release/complete_slide_v1/training/tissue_specific/lung/fold_b_seed42.yaml,run/sthelar40x_lung_5class_slideind_foldB_lora_adaptformer_r8_a8_red16_heads_e10_seed42/log/2026-08-27T154613_sthelar40x_lung_5class_slideind_foldB_lora_adaptformer_r8_a8_red16_heads_e10_seed42/checkpoints/checkpoint_10.pth,02a15aaaa219126912d51ada12d7f3f65b53bbdd480107cd649584ebff1f7c13,release/huggingface/adapters/cellvit-sam-h-x40/tissue_specific/lung/slideind/foldb/seed42/adapter_model.safetensors,d3502c883de7e148dfe1cc23f9244c0fc12c9d56e18403a8731f39a7763ef383,release/huggingface/complete_slide_v1/adapters/complete_slide_v1/samh/tissue_specific/lung/fold_b/seed42/adapter.safetensors,d3502c883de7e148dfe1cc23f9244c0fc12c9d56e18403a8731f39a7763ef383,release/huggingface/complete_slide_v1/adapters/complete_slide_v1/samh/tissue_specific/lung/fold_b/seed42/adapter_config.json,edee92e7d4d033c7ccbb1d36c9a88da6037818458a6f3a5990e235befadfcb8f,release/huggingface/complete_slide_v1/adapters/complete_slide_v1/samh/tissue_specific/lung/fold_b/seed42/verification.json,41604f60cb9577f60cc6a00bba9eb71bbea161b041b67d930cc1264b86d12271,yes,yes,yes,VERIFIED_EXISTING,Exact source-state reconstruction and deterministic forward equality are recorded.
tissue_specific/lung/all_slides/seed42,tissue_specific,lung,all_slides,42,CellViT-SAM-H-x40,"LoRA Q,V r8 alpha8 dropout0 + AdaptFormer red16 GELU + final NP/HV/NT heads; encoder base and decoder body frozen",10,lung_s1;lung_s3,lung_s1;lung_s3,none,configs/release/complete_slide_v1/training/tissue_specific/lung/all_slides_seed42.yaml,,,,,,,,,,,pending,deployment,no,MISSING_NEEDS_TRAINING,No source package exists; submit canonical all-slides deployment training.
tissue_specific/ovary/fold_a/seed42,tissue_specific,ovary,fold_a,42,CellViT-SAM-H-x40,"LoRA Q,V r8 alpha8 dropout0 + AdaptFormer red16 GELU + final NP/HV/NT heads; encoder base and decoder body frozen",10,ovary_s0,ovary_s0,ovary_s1,configs/release/complete_slide_v1/training/tissue_specific/ovary/fold_a_seed42.yaml,run/sthelar40x_ovary_5class_slideind_foldA_lora_adaptformer_r8_a8_red16_heads_e10_seed42/log/2026-08-26T105512_sthelar40x_ovary_5class_slideind_foldA_lora_adaptformer_r8_a8_red16_heads_e10_seed42/checkpoints/checkpoint_10.pth,6caaba504eac956ef87c7d6c01f6875e0436044f56a91f609beabd1adc357021,release/huggingface/adapters/cellvit-sam-h-x40/tissue_specific/ovary/slideind/folda/seed42/adapter_model.safetensors,9d81bcf84981e9a19b45907ae65f505b52f394b7aaf828372f243ed55fdc2830,release/huggingface/complete_slide_v1/adapters/complete_slide_v1/samh/tissue_specific/ovary/fold_a/seed42/adapter.safetensors,9d81bcf84981e9a19b45907ae65f505b52f394b7aaf828372f243ed55fdc2830,release/huggingface/complete_slide_v1/adapters/complete_slide_v1/samh/tissue_specific/ovary/fold_a/seed42/adapter_config.json,a5174e77fbb933b53e9a21bb6d5942d943af1da7cccbfda414578b8b0383ebb5,release/huggingface/complete_slide_v1/adapters/complete_slide_v1/samh/tissue_specific/ovary/fold_a/seed42/verification.json,b8cd7d407b4a062a983e1871230ea7631f62686d440d37246e85ff857271bd93,yes,yes,yes,VERIFIED_EXISTING,Exact source-state reconstruction and deterministic forward equality are recorded.
tissue_specific/ovary/fold_b/seed42,tissue_specific,ovary,fold_b,42,CellViT-SAM-H-x40,"LoRA Q,V r8 alpha8 dropout0 + AdaptFormer red16 GELU + final NP/HV/NT heads; encoder base and decoder body frozen",10,ovary_s1,ovary_s1,ovary_s0,configs/release/complete_slide_v1/training/tissue_specific/ovary/fold_b_seed42.yaml,run/sthelar40x_ovary_5class_slideind_foldB_lora_adaptformer_r8_a8_red16_heads_e10_seed42/log/2026-08-27T154219_sthelar40x_ovary_5class_slideind_foldB_lora_adaptformer_r8_a8_red16_heads_e10_seed42/checkpoints/checkpoint_10.pth,d1138ac51ebc87131aa594375185fb0621cbeedc74d18ba404745845049c9125,release/huggingface/adapters/cellvit-sam-h-x40/tissue_specific/ovary/slideind/foldb/seed42/adapter_model.safetensors,0ad42bf070534a40efe72aeb36c9578a401aea7ce2ee591a25384cffaf4c84c4,release/huggingface/complete_slide_v1/adapters/complete_slide_v1/samh/tissue_specific/ovary/fold_b/seed42/adapter.safetensors,0ad42bf070534a40efe72aeb36c9578a401aea7ce2ee591a25384cffaf4c84c4,release/huggingface/complete_slide_v1/adapters/complete_slide_v1/samh/tissue_specific/ovary/fold_b/seed42/adapter_config.json,1aef5e1d8703be9945d9b2a27c08b1def4287aaed8c146519e76381273b9c4c6,release/huggingface/complete_slide_v1/adapters/complete_slide_v1/samh/tissue_specific/ovary/fold_b/seed42/verification.json,2b26b1513d9ab538d26a7fc7400f500ca5593f50886eb21562e14fd9c992d61e,yes,yes,yes,VERIFIED_EXISTING,Exact source-state reconstruction and deterministic forward equality are recorded.
tissue_specific/ovary/all_slides/seed42,tissue_specific,ovary,all_slides,42,CellViT-SAM-H-x40,"LoRA Q,V r8 alpha8 dropout0 + AdaptFormer red16 GELU + final NP/HV/NT heads; encoder base and decoder body frozen",10,ovary_s0;ovary_s1,ovary_s0;ovary_s1,none,configs/release/complete_slide_v1/training/tissue_specific/ovary/all_slides_seed42.yaml,,,,,,,,,,,pending,deployment,no,MISSING_NEEDS_TRAINING,No source package exists; submit canonical all-slides deployment training.
tissue_specific/pancreatic/fold_a/seed42,tissue_specific,pancreatic,fold_a,42,CellViT-SAM-H-x40,"LoRA Q,V r8 alpha8 dropout0 + AdaptFormer red16 GELU + final NP/HV/NT heads; encoder base and decoder body frozen",10,pancreatic_s0,pancreatic_s0,pancreatic_s1,configs/release/complete_slide_v1/training/tissue_specific/pancreatic/fold_a_seed42.yaml,run/sthelar40x_pancreatic_5class_slideind_foldA_lora_adaptformer_r8_a8_red16_heads_e10_seed42/log/2026-08-26T105512_sthelar40x_pancreatic_5class_slideind_foldA_lora_adaptformer_r8_a8_red16_heads_e10_seed42/checkpoints/checkpoint_10.pth,0801bc65c065c0dd161d8bfb8f5ce63b8716e9ed2cb997db1990d1b2a3738ded,release/huggingface/adapters/cellvit-sam-h-x40/tissue_specific/pancreatic/slideind/folda/seed42/adapter_model.safetensors,dadff0c62f447eaf178b91793029e174741406b76dbdbf511b7a0caf20602966,release/huggingface/complete_slide_v1/adapters/complete_slide_v1/samh/tissue_specific/pancreatic/fold_a/seed42/adapter.safetensors,dadff0c62f447eaf178b91793029e174741406b76dbdbf511b7a0caf20602966,release/huggingface/complete_slide_v1/adapters/complete_slide_v1/samh/tissue_specific/pancreatic/fold_a/seed42/adapter_config.json,b3fd9839e6dba6294df94a37a3b5c376bbe3db41f9a58c37a56bf76c1dcbb0ef,release/huggingface/complete_slide_v1/adapters/complete_slide_v1/samh/tissue_specific/pancreatic/fold_a/seed42/verification.json,3ce321e4ff19eab9c5b83ccb3590c272e8c7288313bef53f23d112bbc05f815d,yes,yes,yes,VERIFIED_EXISTING,Exact source-state reconstruction and deterministic forward equality are recorded.
tissue_specific/pancreatic/fold_b/seed42,tissue_specific,pancreatic,fold_b,42,CellViT-SAM-H-x40,"LoRA Q,V r8 alpha8 dropout0 + AdaptFormer red16 GELU + final NP/HV/NT heads; encoder base and decoder body frozen",10,pancreatic_s1,pancreatic_s1,pancreatic_s0,configs/release/complete_slide_v1/training/tissue_specific/pancreatic/fold_b_seed42.yaml,run/sthelar40x_pancreatic_5class_slideind_foldB_lora_adaptformer_r8_a8_red16_heads_e10_seed42/log/2026-08-26T225723_sthelar40x_pancreatic_5class_slideind_foldB_lora_adaptformer_r8_a8_red16_heads_e10_seed42/checkpoints/checkpoint_10.pth,d9fb7d91ccbb6f296070947d7702a8a541292c595ef8a0cdbedd9bdcf734cce6,release/huggingface/adapters/cellvit-sam-h-x40/tissue_specific/pancreatic/slideind/foldb/seed42/adapter_model.safetensors,9cfac88bec69d9c40d875007866213d2265a882ac09123876b4cc7589b9895c8,release/huggingface/complete_slide_v1/adapters/complete_slide_v1/samh/tissue_specific/pancreatic/fold_b/seed42/adapter.safetensors,9cfac88bec69d9c40d875007866213d2265a882ac09123876b4cc7589b9895c8,release/huggingface/complete_slide_v1/adapters/complete_slide_v1/samh/tissue_specific/pancreatic/fold_b/seed42/adapter_config.json,4c59d925f1830ef8fc075bca885e9996112ef35f27b09efe5b62311658b455d4,release/huggingface/complete_slide_v1/adapters/complete_slide_v1/samh/tissue_specific/pancreatic/fold_b/seed42/verification.json,cd11608f005f692d33270ee0a5b98f6e6e4dbf5fe0924d6eab3abe972eec26c1,yes,yes,yes,VERIFIED_EXISTING,Exact source-state reconstruction and deterministic forward equality are recorded.
tissue_specific/pancreatic/all_slides/seed42,tissue_specific,pancreatic,all_slides,42,CellViT-SAM-H-x40,"LoRA Q,V r8 alpha8 dropout0 + AdaptFormer red16 GELU + final NP/HV/NT heads; encoder base and decoder body frozen",10,pancreatic_s0;pancreatic_s1,pancreatic_s0;pancreatic_s1,none,configs/release/complete_slide_v1/training/tissue_specific/pancreatic/all_slides_seed42.yaml,,,,,,,,,,,pending,deployment,no,MISSING_NEEDS_TRAINING,No source package exists; submit canonical all-slides deployment training.
tissue_specific/skin/fold_a/seed42,tissue_specific,skin,fold_a,42,CellViT-SAM-H-x40,"LoRA Q,V r8 alpha8 dropout0 + AdaptFormer red16 GELU + final NP/HV/NT heads; encoder base and decoder body frozen",10,skin_s1,skin_s1,skin_s2,configs/release/complete_slide_v1/training/tissue_specific/skin/fold_a_seed42.yaml,run/sthelar40x_skin_5class_slideind_foldA_lora_adaptformer_r8_a8_red16_heads_e10_seed42/log/2026-08-26T164216_sthelar40x_skin_5class_slideind_foldA_lora_adaptformer_r8_a8_red16_heads_e10_seed42/checkpoints/checkpoint_10.pth,65edb8f727aef89bd65a1955abc6ddea5f31cf32d9e5a426669bca1cdc603d6b,release/huggingface/adapters/cellvit-sam-h-x40/tissue_specific/skin/slideind/folda/seed42/adapter_model.safetensors,f9e95e185aa28cec80e4d7b394b76ccc6674d42fe3512e5c9b9cc1eccccfdf54,release/huggingface/complete_slide_v1/adapters/complete_slide_v1/samh/tissue_specific/skin/fold_a/seed42/adapter.safetensors,f9e95e185aa28cec80e4d7b394b76ccc6674d42fe3512e5c9b9cc1eccccfdf54,release/huggingface/complete_slide_v1/adapters/complete_slide_v1/samh/tissue_specific/skin/fold_a/seed42/adapter_config.json,7c331c930bfd150406d5c2615dc01d0935a9fdc2a0c4ba8a0e954b947b83bb09,release/huggingface/complete_slide_v1/adapters/complete_slide_v1/samh/tissue_specific/skin/fold_a/seed42/verification.json,beb84828547c32a6c5f711afe82d1d591497a17142c7943c73ac82fa240fb2ef,yes,yes,yes,VERIFIED_EXISTING,Exact source-state reconstruction and deterministic forward equality are recorded.
tissue_specific/skin/fold_b/seed42,tissue_specific,skin,fold_b,42,CellViT-SAM-H-x40,"LoRA Q,V r8 alpha8 dropout0 + AdaptFormer red16 GELU + final NP/HV/NT heads; encoder base and decoder body frozen",10,skin_s2,skin_s2,skin_s1,configs/release/complete_slide_v1/training/tissue_specific/skin/fold_b_seed42.yaml,run/sthelar40x_skin_5class_slideind_foldB_lora_adaptformer_r8_a8_red16_heads_e10_seed42/log/2026-08-26T230626_sthelar40x_skin_5class_slideind_foldB_lora_adaptformer_r8_a8_red16_heads_e10_seed42/checkpoints/checkpoint_10.pth,37e3f10872049c44387e4d3394079fbb4eadb898ddd50f5a16811924034983ba,release/huggingface/adapters/cellvit-sam-h-x40/tissue_specific/skin/slideind/foldb/seed42/adapter_model.safetensors,3b90907e0ede4fbc2c2c0ef19213ed7d95c19fd433b7acae00f27876dae96ed4,release/huggingface/complete_slide_v1/adapters/complete_slide_v1/samh/tissue_specific/skin/fold_b/seed42/adapter.safetensors,3b90907e0ede4fbc2c2c0ef19213ed7d95c19fd433b7acae00f27876dae96ed4,release/huggingface/complete_slide_v1/adapters/complete_slide_v1/samh/tissue_specific/skin/fold_b/seed42/adapter_config.json,9633299907e9e035e403d4f08aafc568798124d3f218bc2210ef023321883eb9,release/huggingface/complete_slide_v1/adapters/complete_slide_v1/samh/tissue_specific/skin/fold_b/seed42/verification.json,1b0a8376a64446571afbfcbd06f0ec8e66643bdae1ba65883394376487ebdedb,yes,yes,yes,VERIFIED_EXISTING,Exact source-state reconstruction and deterministic forward equality are recorded.
tissue_specific/skin/all_slides/seed42,tissue_specific,skin,all_slides,42,CellViT-SAM-H-x40,"LoRA Q,V r8 alpha8 dropout0 + AdaptFormer red16 GELU + final NP/HV/NT heads; encoder base and decoder body frozen",10,skin_s1;skin_s2,skin_s1;skin_s2,none,configs/release/complete_slide_v1/training/tissue_specific/skin/all_slides_seed42.yaml,,,,,,,,,,,pending,deployment,no,MISSING_NEEDS_TRAINING,No source package exists; submit canonical all-slides deployment training.
tissue_specific/tonsil/fold_a/seed42,tissue_specific,tonsil,fold_a,42,CellViT-SAM-H-x40,"LoRA Q,V r8 alpha8 dropout0 + AdaptFormer red16 GELU + final NP/HV/NT heads; encoder base and decoder body frozen",10,tonsil_s0,tonsil_s0,tonsil_s1,configs/release/complete_slide_v1/training/tissue_specific/tonsil/fold_a_seed42.yaml,run/sthelar40x_tonsil_5class_slideind_foldA_lora_adaptformer_r8_a8_red16_heads_e10_seed42/log/2026-08-25T192051_sthelar40x_tonsil_5class_slideind_foldA_lora_adaptformer_r8_a8_red16_heads_e10_seed42/checkpoints/checkpoint_10.pth,c0399f39a428b5cb0e45217dc153c28b82ed7083ce39ab1024066393b6e27c65,release/huggingface/adapters/cellvit-sam-h-x40/tissue_specific/tonsil/slideind/folda/seed42/adapter_model.safetensors,1435c7c9522e5c4a6c602ccfe16ee23198fe6032a0f38227156cabf3c77f8252,release/huggingface/complete_slide_v1/adapters/complete_slide_v1/samh/tissue_specific/tonsil/fold_a/seed42/adapter.safetensors,1435c7c9522e5c4a6c602ccfe16ee23198fe6032a0f38227156cabf3c77f8252,release/huggingface/complete_slide_v1/adapters/complete_slide_v1/samh/tissue_specific/tonsil/fold_a/seed42/adapter_config.json,753c52212dab2e686dc51510bbd483e8d22dc3bbe6c77f8cc00e8ac2dd28a9da,release/huggingface/complete_slide_v1/adapters/complete_slide_v1/samh/tissue_specific/tonsil/fold_a/seed42/verification.json,9687ccc98f2a14de169b2a5358e46483d568c5fa21a7b3627ef4162e13f8bbbd,yes,yes,yes,VERIFIED_EXISTING,Exact source-state reconstruction and deterministic forward equality are recorded.
tissue_specific/tonsil/fold_b/seed42,tissue_specific,tonsil,fold_b,42,CellViT-SAM-H-x40,"LoRA Q,V r8 alpha8 dropout0 + AdaptFormer red16 GELU + final NP/HV/NT heads; encoder base and decoder body frozen",10,tonsil_s1,tonsil_s1,tonsil_s0,configs/release/complete_slide_v1/training/tissue_specific/tonsil/fold_b_seed42.yaml,run/sthelar40x_tonsil_5class_slideind_foldB_lora_adaptformer_r8_a8_red16_heads_e10_seed42/log/2026-08-25T192051_sthelar40x_tonsil_5class_slideind_foldB_lora_adaptformer_r8_a8_red16_heads_e10_seed42/checkpoints/checkpoint_10.pth,03727b7097805fa3ebfab430da48db4a882c8f58a52f4a7dfe702e5347460360,release/huggingface/adapters/cellvit-sam-h-x40/tissue_specific/tonsil/slideind/foldb/seed42/adapter_model.safetensors,aaa20a8f7c4dbb61e1c989c8a997c848ae12dd81a7966a4820d936060898a157,release/huggingface/complete_slide_v1/adapters/complete_slide_v1/samh/tissue_specific/tonsil/fold_b/seed42/adapter.safetensors,aaa20a8f7c4dbb61e1c989c8a997c848ae12dd81a7966a4820d936060898a157,release/huggingface/complete_slide_v1/adapters/complete_slide_v1/samh/tissue_specific/tonsil/fold_b/seed42/adapter_config.json,02c5dcb37ae135af0bdfb48ed8ecebdf6727d675479549a6f89689ce575e71f0,release/huggingface/complete_slide_v1/adapters/complete_slide_v1/samh/tissue_specific/tonsil/fold_b/seed42/verification.json,423370943b28ec81e39ae4a0611a9e211d4fa3a3f8a2e2a4d73721175fd4e51b,yes,yes,yes,VERIFIED_EXISTING,Exact source-state reconstruction and deterministic forward equality are recorded.
tissue_specific/tonsil/all_slides/seed42,tissue_specific,tonsil,all_slides,42,CellViT-SAM-H-x40,"LoRA Q,V r8 alpha8 dropout0 + AdaptFormer red16 GELU + final NP/HV/NT heads; encoder base and decoder body frozen",10,tonsil_s0;tonsil_s1,tonsil_s0;tonsil_s1,none,configs/release/complete_slide_v1/training/tissue_specific/tonsil/all_slides_seed42.yaml,,,,,,,,,,,pending,deployment,no,MISSING_NEEDS_TRAINING,No source package exists; submit canonical all-slides deployment training.
