protocol,backbone,method,seed,fold,slide_id,tissue,num_patches,bPQ,mPQ,F1det,F1type,taxonomy_metrics_valid,source,epithelial_f1,epithelial_matched_true_support,epithelial_total_true_support,immune_f1,immune_matched_true_support,immune_total_true_support,stromal_f1,stromal_matched_true_support,stromal_total_true_support,melanocyte_f1,melanocyte_matched_true_support,melanocyte_total_true_support,other_f1,other_matched_true_support,other_total_true_support
slide-independent,SAM-H,Frozen,42,A,kidney_s1,Kidney,4449,0.5153473001,NA,0.8423060486,NA,False,run/sthelar40x_klt_5class_slideind_foldA_frozen_seed42/eval/frozen_class_agnostic_results.json,NA,NA,NA,NA,NA,NA,NA,NA,NA,NA,NA,NA,NA,NA,NA
slide-independent,SAM-H,Frozen,42,A,liver_s1,Liver,9166,0.521203491,NA,0.8443799742,NA,False,run/sthelar40x_klt_5class_slideind_foldA_frozen_seed42/eval/frozen_class_agnostic_results.json,NA,NA,NA,NA,NA,NA,NA,NA,NA,NA,NA,NA,NA,NA,NA
slide-independent,SAM-H,Frozen,42,A,tonsil_s1,Tonsil,9879,0.4168933162,NA,0.8206361415,NA,False,run/sthelar40x_klt_5class_slideind_foldA_frozen_seed42/eval/frozen_class_agnostic_results.json,NA,NA,NA,NA,NA,NA,NA,NA,NA,NA,NA,NA,NA,NA,NA
slide-independent,SAM-H,Selected PEFT,42,A,kidney_s1,Kidney,4449,0.5766296186,0.1826117588,0.8669268129,0.3010895029,True,run/sthelar40x_klt_5class_slideind_foldA_lora_adaptformer_r8_a8_red16_heads_e10_seed42/log/2026-08-19T105648_sthelar40x_klt_5class_slideind_foldA_lora_adaptformer_r8_a8_red16_heads_e10_seed42/inference_results.json,0.1532877882,13101,17674,0.5542283923,52308,58432,0.4968418311,21500,26658,0,0,0,0,1158,2105
slide-independent,SAM-H,Selected PEFT,42,A,liver_s1,Liver,9166,0.5773691043,0.2316365824,0.8721990867,0.3595158732,True,run/sthelar40x_klt_5class_slideind_foldA_lora_adaptformer_r8_a8_red16_heads_e10_seed42/log/2026-08-19T105648_sthelar40x_klt_5class_slideind_foldA_lora_adaptformer_r8_a8_red16_heads_e10_seed42/inference_results.json,0.6654687601,146973,176168,0.1973352539,56187,66225,0.5752594789,60899,72718,0,0,0,0,545,1125
slide-independent,SAM-H,Selected PEFT,42,A,tonsil_s1,Tonsil,9879,0.4408462617,0.2188188345,0.8278658722,0.5072728422,True,run/sthelar40x_klt_5class_slideind_foldA_lora_adaptformer_r8_a8_red16_heads_e10_seed42/log/2026-08-19T105648_sthelar40x_klt_5class_slideind_foldA_lora_adaptformer_r8_a8_red16_heads_e10_seed42/inference_results.json,0.6773975728,65389,82911,0.8427674706,428001,519982,0.5088155956,121315,160821,0,0,0,0.0001107297,18059,38511
slide-independent,SAM-H,Selected PEFT,43,A,kidney_s1,Kidney,4449,0.592842504,0.1737605915,0.8717240013,0.2896680248,True,run/sthelar40x_klt_5class_slideind_foldA_lora_adaptformer_r8_a8_red16_heads_e10_seed43/log/2026-08-24T122637_sthelar40x_klt_5class_slideind_foldA_lora_adaptformer_r8_a8_red16_heads_e10_seed43/inference_results.json,0.1990191135,12756,17621,0.4764517102,52415,58365,0.4780377643,21512,26613,0,0,0,0.0051635112,1116,2096
slide-independent,SAM-H,Selected PEFT,43,A,liver_s1,Liver,9166,0.5743359828,0.2262144941,0.8737465094,0.339055036,True,run/sthelar40x_klt_5class_slideind_foldA_lora_adaptformer_r8_a8_red16_heads_e10_seed43/log/2026-08-24T122637_sthelar40x_klt_5class_slideind_foldA_lora_adaptformer_r8_a8_red16_heads_e10_seed43/inference_results.json,0.6635161575,146204,175616,0.1234691469,56309,66192,0.5692348397,60959,72657,0,0,0,0,561,1125
slide-independent,SAM-H,Selected PEFT,43,A,tonsil_s1,Tonsil,9879,0.4365020775,0.2220119253,0.8273292201,0.51711406,True,run/sthelar40x_klt_5class_slideind_foldA_lora_adaptformer_r8_a8_red16_heads_e10_seed43/log/2026-08-24T122637_sthelar40x_klt_5class_slideind_foldA_lora_adaptformer_r8_a8_red16_heads_e10_seed43/inference_results.json,0.7072949416,65551,82862,0.8435815105,428807,519928,0.5164732874,121265,160804,0,0,0,0.0011065007,18036,38510
slide-independent,SAM-H,NT-header1,42,A,kidney_s1,Kidney,4449,0.5880480522,0.1544645035,0.8634539954,0.2739006341,True,run/sthelar40x_klt_5class_slideind_foldA_lora_adaptformer_r8_a8_red16_nt_header1_np_hv_heads_e10_seed42/log/2026-08-19T183125_sthelar40x_klt_5class_slideind_foldA_lora_adaptformer_r8_a8_red16_nt_header1_np_hv_heads_e10_seed42/inference_results.json,0.0946861082,12638,17660,0.4081093381,51698,58409,0.4631751025,21074,26647,0,0,0,0.1296319878,1145,2106
slide-independent,SAM-H,NT-header1,42,A,liver_s1,Liver,9166,0.5887297791,0.2085626526,0.8752375851,0.3072884366,True,run/sthelar40x_klt_5class_slideind_foldA_lora_adaptformer_r8_a8_red16_nt_header1_np_hv_heads_e10_seed42/log/2026-08-19T183125_sthelar40x_klt_5class_slideind_foldA_lora_adaptformer_r8_a8_red16_nt_header1_np_hv_heads_e10_seed42/inference_results.json,0.5566618384,145788,175881,0.14682282,55830,66209,0.511448252,59707,72667,0,0,0,0.0142208358,542,1125
slide-independent,SAM-H,NT-header1,42,A,tonsil_s1,Tonsil,9879,0.4403413706,0.2196283024,0.8267245657,0.5394635868,True,run/sthelar40x_klt_5class_slideind_foldA_lora_adaptformer_r8_a8_red16_nt_header1_np_hv_heads_e10_seed42/log/2026-08-19T183125_sthelar40x_klt_5class_slideind_foldA_lora_adaptformer_r8_a8_red16_nt_header1_np_hv_heads_e10_seed42/inference_results.json,0.6729292536,65053,82737,0.8385979199,427423,519650,0.519287369,120815,160653,0,0,0,0.1270398048,18061,38484
slide-independent,SAM-H,NT-header1,43,A,kidney_s1,Kidney,4449,0.601813053,0.1343564951,0.8662986268,0.228285784,True,run/sthelar40x_klt_5class_slideind_foldA_lora_adaptformer_r8_a8_red16_nt_header1_np_hv_heads_e10_seed43/log/2026-08-24T175805_sthelar40x_klt_5class_slideind_foldA_lora_adaptformer_r8_a8_red16_nt_header1_np_hv_heads_e10_seed43/inference_results.json,0.0702214251,12870,17661,0.2594343481,52144,58419,0.4308446567,21321,26646,0,0,0,0.1526427061,1166,2103
slide-independent,SAM-H,NT-header1,43,A,liver_s1,Liver,9166,0.5884801351,0.1326843074,0.8751384839,0.20115013,True,run/sthelar40x_klt_5class_slideind_foldA_lora_adaptformer_r8_a8_red16_nt_header1_np_hv_heads_e10_seed43/log/2026-08-24T175805_sthelar40x_klt_5class_slideind_foldA_lora_adaptformer_r8_a8_red16_nt_header1_np_hv_heads_e10_seed43/inference_results.json,0.2102048869,146182,175548,0.0749141538,56210,66198,0.4820828363,60545,72677,0,0,0,0.0373986431,580,1125
slide-independent,SAM-H,NT-header1,43,A,tonsil_s1,Tonsil,9879,0.4462963859,0.2259084434,0.8249032386,0.5612416989,True,run/sthelar40x_klt_5class_slideind_foldA_lora_adaptformer_r8_a8_red16_nt_header1_np_hv_heads_e10_seed43/log/2026-08-24T175805_sthelar40x_klt_5class_slideind_foldA_lora_adaptformer_r8_a8_red16_nt_header1_np_hv_heads_e10_seed43/inference_results.json,0.7101021626,65479,82718,0.8335371687,427693,519602,0.5320856526,121823,160479,0,0,0,0.1692418118,19545,38307
slide-independent,SAM-H,FullFT,42,A,kidney_s1,Kidney,4449,0.5853635372,0.1598754817,0.8573896146,0.294000697,True,run/sthelar40x_klt_5class_slideind_foldA_fullft_lr1e-5_e10_seed42/log/2026-08-19T110413_sthelar40x_klt_5class_slideind_foldA_fullft_lr1e-5_e10_seed42/inference_results.json,0.1575130639,13077,17672,0.3935084096,51898,58424,0.4624693299,21147,26659,0,0,0,0.1625119847,1210,2105
slide-independent,SAM-H,FullFT,42,A,liver_s1,Liver,9166,0.5855583881,0.1372579285,0.8654202376,0.2170310062,True,run/sthelar40x_klt_5class_slideind_foldA_fullft_lr1e-5_e10_seed42/log/2026-08-19T110413_sthelar40x_klt_5class_slideind_foldA_fullft_lr1e-5_e10_seed42/inference_results.json,0.1905433583,145678,176015,0.0797388928,56205,66216,0.5636084935,60149,72713,0,0,0,0.0342332804,575,1125
slide-independent,SAM-H,FullFT,42,A,tonsil_s1,Tonsil,9879,0.4358484323,0.226334577,0.8147326439,0.5581770019,True,run/sthelar40x_klt_5class_slideind_foldA_fullft_lr1e-5_e10_seed42/log/2026-08-19T110413_sthelar40x_klt_5class_slideind_foldA_fullft_lr1e-5_e10_seed42/inference_results.json,0.7176063701,64307,82875,0.848636817,423518,519891,0.5243143137,116661,160792,0,0,0,0.1421505067,15777,38527
slide-independent,SAM-H,FullFT,43,A,kidney_s1,Kidney,4449,0.5883266221,0.1724272327,0.8628362273,0.2826171519,True,run/sthelar40x_klt_5class_slideind_foldA_fullft_lr1e-5_e10_seed43/log/2026-08-25T015318_sthelar40x_klt_5class_slideind_foldA_fullft_lr1e-5_e10_seed43/inference_results.json,0.1223566663,12765,17659,0.431113927,51835,58427,0.469188167,20744,26656,0,0,0,0.1078098472,1128,2106
slide-independent,SAM-H,FullFT,43,A,liver_s1,Liver,9166,0.5811769046,0.2018611772,0.8721201502,0.308266465,True,run/sthelar40x_klt_5class_slideind_foldA_fullft_lr1e-5_e10_seed43/log/2026-08-25T015318_sthelar40x_klt_5class_slideind_foldA_fullft_lr1e-5_e10_seed43/inference_results.json,0.5104090741,144782,175840,0.1438839199,55848,66219,0.5564181714,59751,72705,0,0,0,0.0223546945,555,1125
slide-independent,SAM-H,FullFT,43,A,tonsil_s1,Tonsil,9879,0.4451406746,0.2356943005,0.8201986444,0.5740311998,True,run/sthelar40x_klt_5class_slideind_foldA_fullft_lr1e-5_e10_seed43/log/2026-08-25T015318_sthelar40x_klt_5class_slideind_foldA_fullft_lr1e-5_e10_seed43/inference_results.json,0.7236505318,64770,82756,0.8260657509,424976,519787,0.5342612732,119828,160694,0,0,0,0.2121472432,18409,38419
slide-independent,CellViT-256,Frozen,42,A,kidney_s1,Kidney,4449,0.5096011877,NA,0.8371208608,NA,False,run/sthelar40x_klt_5class_slideind_foldA_cellvit256_frozen_seed42/eval/frozen_class_agnostic_results.json,NA,NA,NA,NA,NA,NA,NA,NA,NA,NA,NA,NA,NA,NA,NA
slide-independent,CellViT-256,Frozen,42,A,liver_s1,Liver,9166,0.5178696103,NA,0.841803843,NA,False,run/sthelar40x_klt_5class_slideind_foldA_cellvit256_frozen_seed42/eval/frozen_class_agnostic_results.json,NA,NA,NA,NA,NA,NA,NA,NA,NA,NA,NA,NA,NA,NA,NA
slide-independent,CellViT-256,Frozen,42,A,tonsil_s1,Tonsil,9879,0.4185106562,NA,0.8298427271,NA,False,run/sthelar40x_klt_5class_slideind_foldA_cellvit256_frozen_seed42/eval/frozen_class_agnostic_results.json,NA,NA,NA,NA,NA,NA,NA,NA,NA,NA,NA,NA,NA,NA,NA
slide-independent,CellViT-256,Selected PEFT,42,A,kidney_s1,Kidney,4449,0.4980640503,0.120196792,0.8362200589,0.2899467732,True,run/sthelar40x_klt_5class_slideind_foldA_cellvit256_lora_adaptformer_r8_a8_red16_heads_e10_seed42/log/2026-08-25T114238_sthelar40x_klt_5class_slideind_foldA_cellvit256_lora_adaptformer_r8_a8_red16_heads_e10_seed42/inference_results.json,0.2234905824,12776,17581,0.4561759246,50670,58351,0.4048501302,21128,26579,0,0,0,0.0752704556,1128,2095
slide-independent,CellViT-256,Selected PEFT,42,A,liver_s1,Liver,9166,0.5049389529,0.2184166798,0.8347364544,0.3540604168,True,run/sthelar40x_klt_5class_slideind_foldA_cellvit256_lora_adaptformer_r8_a8_red16_heads_e10_seed42/log/2026-08-25T114238_sthelar40x_klt_5class_slideind_foldA_cellvit256_lora_adaptformer_r8_a8_red16_heads_e10_seed42/inference_results.json,0.7632488989,142682,175530,0.1171259581,54486,66141,0.5146982483,59733,72590,0,0,0,0.0211685618,609,1119
slide-independent,CellViT-256,Selected PEFT,42,A,tonsil_s1,Tonsil,9879,0.4211806629,0.1961772088,0.8188426572,0.5151272466,True,run/sthelar40x_klt_5class_slideind_foldA_cellvit256_lora_adaptformer_r8_a8_red16_heads_e10_seed42/log/2026-08-25T114238_sthelar40x_klt_5class_slideind_foldA_cellvit256_lora_adaptformer_r8_a8_red16_heads_e10_seed42/inference_results.json,0.6043129217,65047,82599,0.8178953708,423280,519575,0.4939693642,122737,160529,0,0,0,0.1443313297,21673,38389
slide-independent,CellViT-256,FullFT,42,A,kidney_s1,Kidney,4449,0.5655151313,0.1453063705,0.8603340364,0.3001921235,True,run/sthelar40x_klt_5class_slideind_foldA_cellvit256_fullft_lr1e-5_e10_seed42/log/2026-08-24T115109_sthelar40x_klt_5class_slideind_foldA_cellvit256_fullft_lr1e-5_e10_seed42/inference_results.json,0.2265259148,12850,17586,0.3939367104,51874,58401,0.440361675,21063,26626,0,0,0,0.139944194,1118,2102
slide-independent,CellViT-256,FullFT,42,A,liver_s1,Liver,9166,0.5687535222,0.1971893401,0.8568854266,0.3040478717,True,run/sthelar40x_klt_5class_slideind_foldA_cellvit256_fullft_lr1e-5_e10_seed42/log/2026-08-24T115109_sthelar40x_klt_5class_slideind_foldA_cellvit256_fullft_lr1e-5_e10_seed42/inference_results.json,0.5391047386,144530,175496,0.0769529362,55764,66156,0.5614942465,60248,72615,0,0,0,0.0386395653,595,1124
slide-independent,CellViT-256,FullFT,42,A,tonsil_s1,Tonsil,9879,0.4327801076,0.209917565,0.8242383957,0.5138808329,True,run/sthelar40x_klt_5class_slideind_foldA_cellvit256_fullft_lr1e-5_e10_seed42/log/2026-08-24T115109_sthelar40x_klt_5class_slideind_foldA_cellvit256_fullft_lr1e-5_e10_seed42/inference_results.json,0.6402472367,63756,82776,0.8353088867,426385,519672,0.5036205805,118810,160551,0,0,0,0.0763466278,17481,38425
slide-independent,SAM-H,Frozen,42,B,kidney_s0,Kidney,6723,0.5884793475,NA,0.8798635941,NA,False,run/sthelar40x_klt_5class_slideind_foldB_frozen_seed42/eval/frozen_class_agnostic_results.json,NA,NA,NA,NA,NA,NA,NA,NA,NA,NA,NA,NA,NA,NA,NA
slide-independent,SAM-H,Frozen,42,B,liver_s0,Liver,9756,0.5545757474,NA,0.7946147723,NA,False,run/sthelar40x_klt_5class_slideind_foldB_frozen_seed42/eval/frozen_class_agnostic_results.json,NA,NA,NA,NA,NA,NA,NA,NA,NA,NA,NA,NA,NA,NA,NA
slide-independent,SAM-H,Frozen,42,B,tonsil_s0,Tonsil,9856,0.5366163548,NA,0.8538879417,NA,False,run/sthelar40x_klt_5class_slideind_foldB_frozen_seed42/eval/frozen_class_agnostic_results.json,NA,NA,NA,NA,NA,NA,NA,NA,NA,NA,NA,NA,NA,NA,NA
slide-independent,SAM-H,Selected PEFT,42,B,kidney_s0,Kidney,6723,0.6409466437,0.2371887682,0.9035128487,0.3537210989,True,run/sthelar40x_klt_5class_slideind_foldB_lora_adaptformer_r8_a8_red16_heads_e10_seed42/log/2026-08-20T112527_sthelar40x_klt_5class_slideind_foldB_lora_adaptformer_r8_a8_red16_heads_e10_seed42/inference_results.json,0.6359620939,94510,106830,0.2763746711,16649,19734,0.5022720727,47665,55119,0,0,0,0.000275558,7256,9918
slide-independent,SAM-H,Selected PEFT,42,B,liver_s0,Liver,9756,0.6256703007,0.211969124,0.897740993,0.3121480675,True,run/sthelar40x_klt_5class_slideind_foldB_lora_adaptformer_r8_a8_red16_heads_e10_seed42/log/2026-08-20T112527_sthelar40x_klt_5class_slideind_foldB_lora_adaptformer_r8_a8_red16_heads_e10_seed42/inference_results.json,0.7725391448,115644,130042,0.0777254802,43250,50651,0.3983276451,37102,46356,0,0,0,0,1299,2569
slide-independent,SAM-H,Selected PEFT,42,B,tonsil_s0,Tonsil,9856,0.5722548061,0.2442942914,0.8493355788,0.4539982652,True,run/sthelar40x_klt_5class_slideind_foldB_lora_adaptformer_r8_a8_red16_heads_e10_seed42/log/2026-08-20T112527_sthelar40x_klt_5class_slideind_foldB_lora_adaptformer_r8_a8_red16_heads_e10_seed42/inference_results.json,0.6232889029,116714,140515,0.8662313518,664098,795858,0.3264728062,158070,191136,0,0,0,0,6556,11136
slide-independent,SAM-H,Selected PEFT,43,B,kidney_s0,Kidney,6723,0.647929524,0.2653247957,0.9064137068,0.385442258,True,run/sthelar40x_klt_5class_slideind_foldB_lora_adaptformer_r8_a8_red16_heads_e10_seed43/log/2026-08-24T122637_sthelar40x_klt_5class_slideind_foldB_lora_adaptformer_r8_a8_red16_heads_e10_seed43/inference_results.json,0.7049000051,94926,106757,0.3020056705,16624,19727,0.5180790218,47786,55093,0,0,0,0.0167843346,7273,9888
slide-independent,SAM-H,Selected PEFT,43,B,liver_s0,Liver,9756,0.6291953603,0.2098881085,0.9029442086,0.3211908028,True,run/sthelar40x_klt_5class_slideind_foldB_lora_adaptformer_r8_a8_red16_heads_e10_seed43/log/2026-08-24T122637_sthelar40x_klt_5class_slideind_foldB_lora_adaptformer_r8_a8_red16_heads_e10_seed43/inference_results.json,0.779518039,115371,130032,0.0687655344,43079,50656,0.372638717,36806,46353,0,0,0,0.063840921,1246,2564
slide-independent,SAM-H,Selected PEFT,43,B,tonsil_s0,Tonsil,9856,0.5689234904,0.2540069409,0.8522135836,0.4746805505,True,run/sthelar40x_klt_5class_slideind_foldB_lora_adaptformer_r8_a8_red16_heads_e10_seed43/log/2026-08-24T122637_sthelar40x_klt_5class_slideind_foldB_lora_adaptformer_r8_a8_red16_heads_e10_seed43/inference_results.json,0.6455418714,116410,140466,0.8643376687,665133,795858,0.3798727112,158144,191127,0,0,0,0.0089699507,6399,11130
slide-independent,SAM-H,NT-header1,42,B,kidney_s0,Kidney,6723,0.6429157973,0.2636864627,0.903156626,0.4147577622,True,run/sthelar40x_klt_5class_slideind_foldB_lora_adaptformer_r8_a8_red16_nt_header1_np_hv_heads_e10_seed42/log/2026-08-20T114259_sthelar40x_klt_5class_slideind_foldB_lora_adaptformer_r8_a8_red16_nt_header1_np_hv_heads_e10_seed42/inference_results.json,0.7014409222,94729,106807,0.2469297222,16577,19730,0.5219842739,47533,55114,0,0,0,0.1886761307,7327,9906
slide-independent,SAM-H,NT-header1,42,B,liver_s0,Liver,9756,0.6349128821,0.2233173506,0.9001761597,0.3628511413,True,run/sthelar40x_klt_5class_slideind_foldB_lora_adaptformer_r8_a8_red16_nt_header1_np_hv_heads_e10_seed42/log/2026-08-20T114259_sthelar40x_klt_5class_slideind_foldB_lora_adaptformer_r8_a8_red16_nt_header1_np_hv_heads_e10_seed42/inference_results.json,0.7802943576,115900,130052,0.1050389743,43245,50659,0.3712894071,37150,46352,0,0,0,0.1947818264,1356,2565
slide-independent,SAM-H,NT-header1,42,B,tonsil_s0,Tonsil,9856,0.5724276261,0.2562542178,0.8418994446,0.5036844413,True,run/sthelar40x_klt_5class_slideind_foldB_lora_adaptformer_r8_a8_red16_nt_header1_np_hv_heads_e10_seed42/log/2026-08-20T114259_sthelar40x_klt_5class_slideind_foldB_lora_adaptformer_r8_a8_red16_nt_header1_np_hv_heads_e10_seed42/inference_results.json,0.600296214,116634,140246,0.8631338152,661142,795793,0.4081004531,157617,191128,0,0,0,0.1432072829,6812,11123
slide-independent,SAM-H,NT-header1,43,B,kidney_s0,Kidney,6723,0.6506471163,0.2577672573,0.9019125445,0.4156519031,True,run/sthelar40x_klt_5class_slideind_foldB_lora_adaptformer_r8_a8_red16_nt_header1_np_hv_heads_e10_seed43/log/2026-08-24T183826_sthelar40x_klt_5class_slideind_foldB_lora_adaptformer_r8_a8_red16_nt_header1_np_hv_heads_e10_seed43/inference_results.json,0.6748251288,93933,106626,0.2711991435,16446,19727,0.4546568393,47430,55085,0,0,0,0.2619265008,7121,9896
slide-independent,SAM-H,NT-header1,43,B,liver_s0,Liver,9756,0.6116505902,0.2316681052,0.9008809759,0.3634907274,True,run/sthelar40x_klt_5class_slideind_foldB_lora_adaptformer_r8_a8_red16_nt_header1_np_hv_heads_e10_seed43/log/2026-08-24T183826_sthelar40x_klt_5class_slideind_foldB_lora_adaptformer_r8_a8_red16_nt_header1_np_hv_heads_e10_seed43/inference_results.json,0.7988389366,114181,129928,0.0815416261,42766,50597,0.4091467824,36550,46299,0,0,0,0.1644355644,1271,2566
slide-independent,SAM-H,NT-header1,43,B,tonsil_s0,Tonsil,9856,0.5718417851,0.2600235237,0.8478886573,0.5176329044,True,run/sthelar40x_klt_5class_slideind_foldB_lora_adaptformer_r8_a8_red16_nt_header1_np_hv_heads_e10_seed43/log/2026-08-24T183826_sthelar40x_klt_5class_slideind_foldB_lora_adaptformer_r8_a8_red16_nt_header1_np_hv_heads_e10_seed43/inference_results.json,0.6721636237,116135,140295,0.8655240414,662199,795742,0.3888074814,157694,191102,0,0,0,0.1440364712,6518,11124
slide-independent,SAM-H,FullFT,42,B,kidney_s0,Kidney,6723,0.6475344106,0.2266654107,0.8996483413,0.382913252,True,run/sthelar40x_klt_5class_slideind_foldB_fullft_lr1e-5_e10_seed42/log/2026-08-19T181004_sthelar40x_klt_5class_slideind_foldB_fullft_lr1e-5_e10_seed42/inference_results.json,0.561930412,93871,106807,0.2618864441,16371,19732,0.4806191514,46619,55113,0,0,0,0.2272170004,6958,9916
slide-independent,SAM-H,FullFT,42,B,liver_s0,Liver,9756,0.6120772161,0.1890723564,0.8978646179,0.3493712427,True,run/sthelar40x_klt_5class_slideind_foldB_fullft_lr1e-5_e10_seed42/log/2026-08-19T181004_sthelar40x_klt_5class_slideind_foldB_fullft_lr1e-5_e10_seed42/inference_results.json,0.7646199828,114508,130067,0.0583739014,42808,50661,0.3134838011,36230,46345,0,0,0,0.2610072854,1291,2567
slide-independent,SAM-H,FullFT,42,B,tonsil_s0,Tonsil,9856,0.5710322795,0.2660861122,0.8490891662,0.5285625373,True,run/sthelar40x_klt_5class_slideind_foldB_fullft_lr1e-5_e10_seed42/log/2026-08-19T181004_sthelar40x_klt_5class_slideind_foldB_fullft_lr1e-5_e10_seed42/inference_results.json,0.6948382627,115829,140492,0.8711510994,662878,795897,0.4273989899,157503,191173,0,0,0,0.1208617972,6557,11132
slide-independent,SAM-H,FullFT,43,B,kidney_s0,Kidney,6723,0.6502662807,0.2411139304,0.8979091333,0.3969559288,True,run/sthelar40x_klt_5class_slideind_foldB_fullft_lr1e-5_e10_seed43/log/2026-08-25T105706_sthelar40x_klt_5class_slideind_foldB_fullft_lr1e-5_e10_seed43/inference_results.json,0.6130576952,93983,106790,0.2662751035,16489,19736,0.4621471954,46863,55122,0,0,0,0.2463437211,7250,9919
slide-independent,SAM-H,FullFT,43,B,liver_s0,Liver,9756,0.6021258141,0.1841599656,0.8960257837,0.311993966,True,run/sthelar40x_klt_5class_slideind_foldB_fullft_lr1e-5_e10_seed43/log/2026-08-25T105706_sthelar40x_klt_5class_slideind_foldB_fullft_lr1e-5_e10_seed43/inference_results.json,0.7631730812,113469,130073,0.0387539528,42544,50671,0.243182237,35849,46351,0,0,0,0.2028665932,1287,2568
slide-independent,SAM-H,FullFT,43,B,tonsil_s0,Tonsil,9856,0.5725206166,0.2752465887,0.8399460919,0.5513387429,True,run/sthelar40x_klt_5class_slideind_foldB_fullft_lr1e-5_e10_seed43/log/2026-08-25T105706_sthelar40x_klt_5class_slideind_foldB_fullft_lr1e-5_e10_seed43/inference_results.json,0.7269437955,115248,140467,0.8691436447,658338,795861,0.4356500282,156835,191160,0,0,0,0.1736175034,6726,11136
slide-independent,CellViT-256,Frozen,42,B,kidney_s0,Kidney,6723,0.5840942488,NA,0.8757898703,NA,False,run/sthelar40x_klt_5class_slideind_foldB_cellvit256_frozen_seed42/eval/frozen_class_agnostic_results.json,NA,NA,NA,NA,NA,NA,NA,NA,NA,NA,NA,NA,NA,NA,NA
slide-independent,CellViT-256,Frozen,42,B,liver_s0,Liver,9756,0.5649546848,NA,0.8216658227,NA,False,run/sthelar40x_klt_5class_slideind_foldB_cellvit256_frozen_seed42/eval/frozen_class_agnostic_results.json,NA,NA,NA,NA,NA,NA,NA,NA,NA,NA,NA,NA,NA,NA,NA
slide-independent,CellViT-256,Frozen,42,B,tonsil_s0,Tonsil,9856,0.5423622578,NA,0.8615392554,NA,False,run/sthelar40x_klt_5class_slideind_foldB_cellvit256_frozen_seed42/eval/frozen_class_agnostic_results.json,NA,NA,NA,NA,NA,NA,NA,NA,NA,NA,NA,NA,NA,NA,NA
slide-independent,CellViT-256,Selected PEFT,42,B,kidney_s0,Kidney,6723,0.5690102191,0.1759514221,0.8894767618,0.3114038446,True,run/sthelar40x_klt_5class_slideind_foldB_cellvit256_lora_adaptformer_r8_a8_red16_heads_e10_seed42/log/2026-08-25T114238_sthelar40x_klt_5class_slideind_foldB_cellvit256_lora_adaptformer_r8_a8_red16_heads_e10_seed42/inference_results.json,0.5315776859,90081,106077,0.2477706451,15590,19607,0.4516379981,45202,54814,0,0,0,0.0146290491,5860,9777
slide-independent,CellViT-256,Selected PEFT,42,B,liver_s0,Liver,9756,0.5877578609,0.1783935883,0.8658644633,0.2890061574,True,run/sthelar40x_klt_5class_slideind_foldB_cellvit256_lora_adaptformer_r8_a8_red16_heads_e10_seed42/log/2026-08-25T114238_sthelar40x_klt_5class_slideind_foldB_cellvit256_lora_adaptformer_r8_a8_red16_heads_e10_seed42/inference_results.json,0.7682650836,105312,129730,0.0616028417,38994,50433,0.2041553336,33657,46196,0,0,0,0.1220013708,1045,2562
slide-independent,CellViT-256,Selected PEFT,42,B,tonsil_s0,Tonsil,9856,0.5466626044,0.2250274508,0.8531952034,0.4250318761,True,run/sthelar40x_klt_5class_slideind_foldB_cellvit256_lora_adaptformer_r8_a8_red16_heads_e10_seed42/log/2026-08-25T114238_sthelar40x_klt_5class_slideind_foldB_cellvit256_lora_adaptformer_r8_a8_red16_heads_e10_seed42/inference_results.json,0.4934112057,114542,139853,0.8589450637,659527,794983,0.3090912241,155882,190654,0,0,0,0.0386800108,5733,11069
slide-independent,CellViT-256,FullFT,42,B,kidney_s0,Kidney,6723,0.6321617029,0.1581533749,0.8998191163,0.2743844914,True,run/sthelar40x_klt_5class_slideind_foldB_cellvit256_fullft_lr1e-5_e10_seed42/log/2026-08-24T115109_sthelar40x_klt_5class_slideind_foldB_cellvit256_fullft_lr1e-5_e10_seed42/inference_results.json,0.3117467346,93151,106764,0.2206198926,16301,19736,0.4455524659,46677,55120,0,0,0,0.1196188727,6830,9911
slide-independent,CellViT-256,FullFT,42,B,liver_s0,Liver,9756,0.6021191672,0.2011153243,0.8953503632,0.3441168706,True,run/sthelar40x_klt_5class_slideind_foldB_cellvit256_fullft_lr1e-5_e10_seed42/log/2026-08-24T115109_sthelar40x_klt_5class_slideind_foldB_cellvit256_fullft_lr1e-5_e10_seed42/inference_results.json,0.7577321689,114094,129594,0.0614640734,42337,50476,0.3993327531,35933,46234,0,0,0,0.1579384871,1205,2558
slide-independent,CellViT-256,FullFT,42,B,tonsil_s0,Tonsil,9856,0.5662566261,0.2396557117,0.8545226053,0.4627730651,True,run/sthelar40x_klt_5class_slideind_foldB_cellvit256_fullft_lr1e-5_e10_seed42/log/2026-08-24T115109_sthelar40x_klt_5class_slideind_foldB_cellvit256_fullft_lr1e-5_e10_seed42/inference_results.json,0.5325810514,115189,140331,0.863050329,664351,795827,0.3357046951,157516,191153,0,0,0,0.119756185,6346,11129
