original_path,filename,file_size_bytes,sha256,tensor_content_sha256,top_level_checkpoint_keys,state_dict_key_count,tensor_parameter_count,mutable_buffer_key_count,mutable_buffer_tensor_element_count,checkpoint_tensor_element_count,dtype_distribution,lora,adaptformer,np_head,hv_head,nt_head,decoder_modules,likely_tissue,seed,configuration_method,matching_yaml_config,appears_complete,exact_duplicate_of,reported_in_paper,recommended_action,audit_note
adapters/sthelar40x_bps_9class_slide_frozen_encoder_decoder_conv_adapters_red16_lr5e-5_e10_seed42_CLEAN_adapter.pth,sthelar40x_bps_9class_slide_frozen_encoder_decoder_conv_adapters_red16_lr5e-5_e10_seed42_CLEAN_adapter.pth,2444174,f05f9a140623dd0899ce12075d3da350cded6e48bfd11f662782884ff138ecc0,fbe8a0e7f7c0a5fa82294bb2191fad34275c11a9a21508d07b07772c18e21726,format;format_version;metadata;adapter_state_dict;mutable_buffer_state_dict,183,553262,105,19171,572433,"{""float32"":253,""int64"":35}",false,false,true,true,true,true,MultiTissue,42,vera:conv_adapters,,true,,false,archive locally,
adapters/sthelar40x_bps_9class_slide_lora_adaptformer_r8_a8_red16_decoder_conv_adapters_lr5e-5_e10_seed42_CLEAN_adapter.pth,sthelar40x_bps_9class_slide_lora_adaptformer_r8_a8_red16_decoder_conv_adapters_lr5e-5_e10_seed42_CLEAN_adapter.pth,34223246,f379d69ce3f1e3928a5eef8ac52876b1ff068dffb583c20b1dc113ecad3c3357,5394283ad1f7fe78a32849084105fe75a4046d45c04cae1d77cca9e8a57da6b1,format;format_version;metadata;adapter_state_dict;mutable_buffer_state_dict,471,8461134,105,19171,8480305,"{""float32"":541,""int64"":35}",true,true,true,true,true,true,MultiTissue,42,lora_adaptformer:conv_adapters,,true,,false,archive locally,
adapters/sthelar40x_bps_9class_slide_lora_adaptformer_r8_a8_red16_decoder_heads_only_lr5e-5_e10_seed42_CLEAN_adapter.pth,sthelar40x_bps_9class_slide_lora_adaptformer_r8_a8_red16_decoder_heads_only_lr5e-5_e10_seed42_CLEAN_adapter.pth,31921732,66cc319bb1ea7dcb5575da364d9184d730eac35ec5d4a6a94b662d684f4ab60b,7fb90a83358df1f2cbfb3375b2894e403748e9376bca8a371ac2965a09920916,format;format_version;metadata;adapter_state_dict;mutable_buffer_state_dict,296,7909039,105,19171,7928210,"{""float32"":366,""int64"":35}",true,true,true,true,true,true,MultiTissue,42,lora_adaptformer:heads_only,,true,,false,archive locally,
adapters/sthelar40x_bps_9class_slide_lora_adaptformer_r8_a8_red16_decoder_last_stage_lr5e-5_e10_seed42_CLEAN_adapter.pth,sthelar40x_bps_9class_slide_lora_adaptformer_r8_a8_red16_decoder_last_stage_lr5e-5_e10_seed42_CLEAN_adapter.pth,33347780,fcd49f6d12c9d391369edf298cfc0ce9d6b2dbfee4fbda4bfb40591ea628e2f8,bcca487f60437abc3e4fd548872ef4f79e5aca83be2fb5d96a105f9c6bb53023,format;format_version;metadata;adapter_state_dict;mutable_buffer_state_dict,328,8261551,105,19171,8280722,"{""float32"":398,""int64"":35}",true,true,true,true,true,true,MultiTissue,42,lora_adaptformer:last_stage,,true,,false,archive locally,
adapters/sthelar40x_bps_9class_slide_lora_r8_a8_decoder_conv_adapters_red16_lr5e-5_e10_seed42_CLEAN_adapter.pth,sthelar40x_bps_9class_slide_lora_r8_a8_decoder_conv_adapters_red16_lr5e-5_e10_seed42_CLEAN_adapter.pth,7748990,f2deafe5238c3e27ad757c6513ab3922716cf9bff56d0ab181511fac17eca92e,9111bc091870b97201c864965b565cc43576d223eaf5d02a8dd9da13cdd5d897,format;format_version;metadata;adapter_state_dict;mutable_buffer_state_dict,311,1863982,105,19171,1883153,"{""float32"":381,""int64"":35}",true,false,true,true,true,true,MultiTissue,42,lora:conv_adapters,,true,,false,archive locally,
adapters/sthelar40x_bps_9class_slide_vera_adaptformer_r16_a16_red16_decoder_conv_adapters_lr5e-5_e10_seed42_CLEAN_adapter.pth,sthelar40x_bps_9class_slide_vera_adaptformer_r16_a16_red16_decoder_conv_adapters_lr5e-5_e10_seed42_CLEAN_adapter.pth,29328502,9c92772cb04274ac782b69f27d597ed133313d148a645bf612cc6043b130388c,ae4b17b24b2ca02d6577b0ff9178241782d92d18380b30ab8ad697c679c68f44,format;format_version;metadata;adapter_state_dict;mutable_buffer_state_dict,503,7233390,105,19171,7252561,"{""float32"":573,""int64"":35}",true,true,true,true,true,true,MultiTissue,42,vera_adaptformer:conv_adapters,,true,,false,archive locally,
adapters/sthelar40x_bps_9class_slide_vera_adaptformer_r8_a8_red16_decoder_conv_adapters_lr5e-5_e10_seed42_CLEAN_adapter.pth,sthelar40x_bps_9class_slide_vera_adaptformer_r8_a8_red16_decoder_conv_adapters_lr5e-5_e10_seed42_CLEAN_adapter.pth,29327214,b89a485be0abc2fd7076bc663804418a19e5e0ecd70db5206ff351c841789d33,a7a285656223290fbe02755519ec8b766acbf50fd26db6abdfa807c7348b1f5b,format;format_version;metadata;adapter_state_dict;mutable_buffer_state_dict,503,7232878,105,19171,7252049,"{""float32"":573,""int64"":35}",true,true,true,true,true,true,MultiTissue,42,vera_adaptformer:conv_adapters,,true,,false,archive locally,
adapters/sthelar40x_bps_9class_slide_vera_adaptformer_r8_a8_red16_decoder_conv_adapters_lr5e-5_e10_seed43_CLEAN_adapter.pth,sthelar40x_bps_9class_slide_vera_adaptformer_r8_a8_red16_decoder_conv_adapters_lr5e-5_e10_seed43_CLEAN_adapter.pth,29327214,a5dce520423d59e8cf2ce501afdf39fcaeccaf24564d4b9f927623218edec081,3ef255cef824ff93204cbe254ef0e602af06fa86a5afa8df2f81ab06a5fbba2e,format;format_version;metadata;adapter_state_dict;mutable_buffer_state_dict,503,7232878,105,19171,7252049,"{""float32"":573,""int64"":35}",true,true,true,true,true,true,MultiTissue,43,vera_adaptformer:conv_adapters,,true,,false,archive locally,
adapters/sthelar40x_breast_5class_spatial_margin128_cap50000_lora_adaptformer_r8_a8_red16_decoder_heads_only_lr5e-5_e10_seed42_CLEAN_adapter.pth,sthelar40x_breast_5class_spatial_margin128_cap50000_lora_adaptformer_r8_a8_red16_decoder_heads_only_lr5e-5_e10_seed42_CLEAN_adapter.pth,31933820,5c23266a36dfbeb920d817164f3814f3fe08ea9ebebd2673d651d4ec9ed02b31,3d1a71df5d7e90792ee1ed3f66d42ee2258a5f355c0cf511b35859c2aca71ecf,format;format_version;metadata;adapter_state_dict;mutable_buffer_state_dict,296,7908779,105,19171,7927950,"{""float32"":366,""int64"":35}",true,true,true,true,true,true,Breast,42,lora_adaptformer:heads_only,configs/release/compayl2026/tissue_specific/training_sthelar40x_breast_5class_spatial_margin128_cap50000_lora_adaptformer_r8_a8_red16_decoder_heads_only_lr5e-5_e10_seed42_CLEAN.yaml,true,,true,release,
adapters/sthelar40x_colon_5class_spatial_margin128_cap50000_lora_adaptformer_heads_only_seed43/sthelar40x_colon_5class_spatial_margin128_cap50000_lora_adaptformer_r8_a8_red16_decoder_heads_only_lr5e-5_e10_seed43_CLEAN_adapter.pth,sthelar40x_colon_5class_spatial_margin128_cap50000_lora_adaptformer_r8_a8_red16_decoder_heads_only_lr5e-5_e10_seed43_CLEAN_adapter.pth,31932839,210947a4f1885608b9a1f36d400c61401208e4a60129e4bc83d94f263bab2fa7,ef45b6881e86b4f1e0c3cc540f697e7f9ae70a37d7318e9806c061df77670df6,format;format_version;metadata;adapter_state_dict;mutable_buffer_state_dict,296,7908779,105,19171,7927950,"{""float32"":366,""int64"":35}",true,true,true,true,true,true,Colon,43,lora_adaptformer:heads_only,,true,,false,archive locally,
adapters/sthelar40x_colon_5class_spatial_margin128_cap50000_lora_adaptformer_r8_a8_red16_decoder_heads_only_lr5e-5_e10_seed42_CLEAN_adapter.pth,sthelar40x_colon_5class_spatial_margin128_cap50000_lora_adaptformer_r8_a8_red16_decoder_heads_only_lr5e-5_e10_seed42_CLEAN_adapter.pth,31932839,07e476b5b30568bd3f3503f63ccaa5610cab25f09d628beed1ff9a54c18b7106,ce7903f231df4b36bf97786deb70d2365ba6384c3691d0cbce76a7fce041ccf6,format;format_version;metadata;adapter_state_dict;mutable_buffer_state_dict,296,7908779,105,19171,7927950,"{""float32"":366,""int64"":35}",true,true,true,true,true,true,Colon,42,lora_adaptformer:heads_only,configs/release/compayl2026/tissue_specific/training_sthelar40x_colon_5class_spatial_margin128_cap50000_lora_adaptformer_r8_a8_red16_decoder_heads_only_lr5e-5_e10_seed42_CLEAN.yaml,true,,false,archive locally,
adapters/sthelar40x_colon_5class_spatial_margin128_lora_adaptformer_heads_only_seed42/sthelar40x_colon_5class_spatial_margin128_cap50000_lora_adaptformer_r8_a8_red16_decoder_heads_only_lr5e-5_e10_seed42_CLEAN_adapter.pth,sthelar40x_colon_5class_spatial_margin128_cap50000_lora_adaptformer_r8_a8_red16_decoder_heads_only_lr5e-5_e10_seed42_CLEAN_adapter.pth,31932839,929b20ba7edef3faea19594a184b96238dda0c67e8e00bbe3fe00c682de8624c,a5d7fcf060211a9ecb870cfe93f3b9c6521daeb7de7d3802acd5687ecafff93d,format;format_version;metadata;adapter_state_dict;mutable_buffer_state_dict,296,7908779,105,19171,7927950,"{""float32"":366,""int64"":35}",true,true,true,true,true,true,Colon,42,lora_adaptformer:heads_only,configs/release/compayl2026/tissue_specific/training_sthelar40x_colon_5class_spatial_margin128_cap50000_lora_adaptformer_r8_a8_red16_decoder_heads_only_lr5e-5_e10_seed42_CLEAN.yaml,true,,true,release,
adapters/sthelar40x_kidney_5class_spatial_margin128_lora_adaptformer_heads_only_seed43/sthelar40x_kidney_5class_spatial_margin128_lora_adaptformer_r8_a8_red16_decoder_heads_only_lr5e-5_e10_seed43_CLEAN_adapter.pth,sthelar40x_kidney_5class_spatial_margin128_lora_adaptformer_r8_a8_red16_decoder_heads_only_lr5e-5_e10_seed43_CLEAN_adapter.pth,31925695,acf9e40f6b133e2073ef8dd219240a24028117aea04e110f66b9db19c327d36f,43e59a0b6d8497a8de2c99a9b18f4aa6b3b6f3ea2f354194e9876b405f2e15fc,format;format_version;metadata;adapter_state_dict;mutable_buffer_state_dict,296,7908779,105,19171,7927950,"{""float32"":366,""int64"":35}",true,true,true,true,true,true,Kidney,43,lora_adaptformer:heads_only,configs/release/compayl2026/tissue_specific/training_sthelar40x_kidney_5class_spatial_margin128_lora_adaptformer_r8_a8_red16_decoder_heads_only_lr5e-5_e10_seed43_CLEAN.yaml,true,,true,release,
adapters/sthelar40x_kidney_5class_spatial_margin128_lora_adaptformer_r8_a8_red16_decoder_heads_only_lr5e-5_e10_seed42_CLEAN_adapter.pth,sthelar40x_kidney_5class_spatial_margin128_lora_adaptformer_r8_a8_red16_decoder_heads_only_lr5e-5_e10_seed42_CLEAN_adapter.pth,31925695,c1a6d7745382eb82d7f0c827940fd127f6aa1c11efe44f6ef9eebe5024901e9b,eef3f226b363a7051f69d7d36030b24f5f96582d429e5cb15a328a13581225b8,format;format_version;metadata;adapter_state_dict;mutable_buffer_state_dict,296,7908779,105,19171,7927950,"{""float32"":366,""int64"":35}",true,true,true,true,true,true,Kidney,42,lora_adaptformer:heads_only,configs/release/compayl2026/tissue_specific/training_sthelar40x_kidney_5class_spatial_margin128_lora_adaptformer_r8_a8_red16_decoder_heads_only_lr5e-5_e10_seed42_CLEAN.yaml,true,,true,release,
adapters/sthelar40x_kidney_liver_tonsil_5class_spatial_margin128_adaptformer_red16_decoder_frozen_lr5e-5_e10_seed42_CLEAN_adapter.pth,sthelar40x_kidney_liver_tonsil_5class_spatial_margin128_adaptformer_red16_decoder_frozen_lr5e-5_e10_seed42_CLEAN_adapter.pth,26607965,b76cc9d1ba0dbe25b6b8618a7be4b5282c7f43515a9ed82592376aa0807cf530,9752841316a767c1d9bd3d3d31c366bd95c959d88a3600be956b151bb1b95b9b,format;format_version;metadata;adapter_state_dict;mutable_buffer_state_dict,160,6597152,105,19171,6616323,"{""float32"":230,""int64"":35}",false,true,true,true,true,true,KidneyLiverTonsil,42,adaptformer:none,,true,,false,archive locally,
adapters/sthelar40x_kidney_liver_tonsil_5class_spatial_margin128_frozen_encoder_decoder_conv_adapters_lr5e-5_e10_seed42_CLEAN_adapter.pth,sthelar40x_kidney_liver_tonsil_5class_spatial_margin128_frozen_encoder_decoder_conv_adapters_lr5e-5_e10_seed42_CLEAN_adapter.pth,2449318,aefee161a499fec30129520cd568fc76683728539d79793ec2881cc7658a5d8f,fc8088db17450374707478b512b2144e0607d7d7dd1e6d7187f45378af7d6c2b,format;format_version;metadata;adapter_state_dict;mutable_buffer_state_dict,183,553002,105,19171,572173,"{""float32"":253,""int64"":35}",false,false,true,true,true,true,KidneyLiverTonsil,42,vera:conv_adapters,,true,,false,archive locally,
adapters/sthelar40x_kidney_liver_tonsil_5class_spatial_margin128_klt_adaptformer_red16_heads_e10_seed42_adapter.pth,sthelar40x_kidney_liver_tonsil_5class_spatial_margin128_klt_adaptformer_red16_heads_e10_seed42_adapter.pth,26610395,c13be6ece82a883d85c3a0745013a6c0307733fd60735b15d667c7889a69d9d9,85ba8f8b76e8ddc623e95e4b875d2a94142a9335a5292ae431dbd3ebb268954d,format;format_version;metadata;adapter_state_dict;mutable_buffer_state_dict,168,6598059,105,19171,6617230,"{""float32"":238,""int64"":35}",false,true,true,true,true,true,KidneyLiverTonsil,42,adaptformer:heads_only,,true,,false,archive locally,
adapters/sthelar40x_kidney_liver_tonsil_5class_spatial_margin128_klt_adaptformer_red16_heads_e10_seed43_adapter.pth,sthelar40x_kidney_liver_tonsil_5class_spatial_margin128_klt_adaptformer_red16_heads_e10_seed43_adapter.pth,26610395,0f31834865997c5196a12f7b3b5d8f9c4664ad2f6c53d81610f6da7d05c55b82,efb1e790b435fbbb6cad84477f3c20fa6e8f38d63e80efb182ba3d018174bba7,format;format_version;metadata;adapter_state_dict;mutable_buffer_state_dict,168,6598059,105,19171,6617230,"{""float32"":238,""int64"":35}",false,true,true,true,true,true,KidneyLiverTonsil,43,adaptformer:heads_only,,true,,false,archive locally,
adapters/sthelar40x_kidney_liver_tonsil_5class_spatial_margin128_klt_adaptformer_red16_heads_laststage_e10_seed42_adapter.pth,sthelar40x_kidney_liver_tonsil_5class_spatial_margin128_klt_adaptformer_red16_heads_laststage_e10_seed42_adapter.pth,28039565,04e9bf693b172981a4af57d4ddbb8688cbae3092d1da5b7cc9f5656ecad18f5b,eee555921c6658008b97b4f8c49aebf70f196988823e0a82579db38680f9e930,format;format_version;metadata;adapter_state_dict;mutable_buffer_state_dict,200,6950571,105,19171,6969742,"{""float32"":270,""int64"":35}",false,true,true,true,true,true,KidneyLiverTonsil,42,adaptformer:last_stage,,true,,false,archive locally,
adapters/sthelar40x_kidney_liver_tonsil_5class_spatial_margin128_lora_adaptformer_r8_a8_red16_decoder_conv_adapters_lr5e-5_e10_seed42_CLEAN_adapter.pth,sthelar40x_kidney_liver_tonsil_5class_spatial_margin128_lora_adaptformer_r8_a8_red16_decoder_conv_adapters_lr5e-5_e10_seed42_CLEAN_adapter.pth,34273918,b0abe0d4f8387f1a5594d870395df13f47b07cd31193f15d226bf8ab65d51983,9821b98124aba24c41333796939b12ed3e62f55d9c01c42b02c0f317e0f48d8a,format;format_version;metadata;adapter_state_dict;mutable_buffer_state_dict,471,8460874,105,19171,8480045,"{""float32"":541,""int64"":35}",true,true,true,true,true,true,KidneyLiverTonsil,42,lora_adaptformer:conv_adapters,,true,,false,archive locally,
adapters/sthelar40x_kidney_liver_tonsil_5class_spatial_margin128_lora_adaptformer_r8_a8_red16_decoder_conv_adapters_lr5e-5_e10_seed43_CLEAN_adapter.pth,sthelar40x_kidney_liver_tonsil_5class_spatial_margin128_lora_adaptformer_r8_a8_red16_decoder_conv_adapters_lr5e-5_e10_seed43_CLEAN_adapter.pth,34273918,8ab068daf7ea5cfe92ad245fd779280040032818ebc6dabdabf2802f6f661c99,3f8c1e582f364a1610a979d18e4a1e2361d5fc90393d4c031cf880a934e9be03,format;format_version;metadata;adapter_state_dict;mutable_buffer_state_dict,471,8460874,105,19171,8480045,"{""float32"":541,""int64"":35}",true,true,true,true,true,true,KidneyLiverTonsil,43,lora_adaptformer:conv_adapters,,true,,false,archive locally,
adapters/sthelar40x_kidney_liver_tonsil_5class_spatial_margin128_lora_adaptformer_r8_a8_red16_decoder_heads_only_lr5e-5_e10_seed42_CLEAN_adapter.pth,sthelar40x_kidney_liver_tonsil_5class_spatial_margin128_lora_adaptformer_r8_a8_red16_decoder_heads_only_lr5e-5_e10_seed42_CLEAN_adapter.pth,31956368,7b5410fdceb94d541862bb2ebf000a5629c1f5b1efd2f90c953dfb59be39f237,9d5ffa23c3489062f34a8ad04e46bba8fc340ae2a531108025892d3c89805f19,format;format_version;metadata;adapter_state_dict;mutable_buffer_state_dict,296,7908779,105,19171,7927950,"{""float32"":366,""int64"":35}",true,true,true,true,true,true,KidneyLiverTonsil,42,lora_adaptformer:heads_only,configs/release/compayl2026/klt/training_sthelar40x_kidney_liver_tonsil_5class_spatial_margin128_lora_adaptformer_r8_a8_red16_decoder_heads_only_lr5e-5_e10_seed42_CLEAN.yaml,true,,true,release,
adapters/sthelar40x_kidney_liver_tonsil_5class_spatial_margin128_lora_adaptformer_r8_a8_red16_decoder_heads_only_lr5e-5_e10_seed43_CLEAN_adapter.pth,sthelar40x_kidney_liver_tonsil_5class_spatial_margin128_lora_adaptformer_r8_a8_red16_decoder_heads_only_lr5e-5_e10_seed43_CLEAN_adapter.pth,31956368,123ad536ac9bab1a655bad4de91d044965c3cd9c0d399c1972b246179485fd3f,635488a3d9d07626e40811d0ddd276a64f6ced3f855a188c0db4656df46c1157,format;format_version;metadata;adapter_state_dict;mutable_buffer_state_dict,296,7908779,105,19171,7927950,"{""float32"":366,""int64"":35}",true,true,true,true,true,true,KidneyLiverTonsil,43,lora_adaptformer:heads_only,configs/release/compayl2026/klt/training_sthelar40x_kidney_liver_tonsil_5class_spatial_margin128_lora_adaptformer_r8_a8_red16_decoder_heads_only_lr5e-5_e10_seed43_CLEAN.yaml,true,,true,release,
adapters/sthelar40x_kidney_liver_tonsil_5class_spatial_margin128_lora_adaptformer_r8_a8_red16_decoder_last_stage_lr5e-5_e10_seed42_CLEAN_adapter.pth,sthelar40x_kidney_liver_tonsil_5class_spatial_margin128_lora_adaptformer_r8_a8_red16_decoder_last_stage_lr5e-5_e10_seed42_CLEAN_adapter.pth,33385360,609a950dfbf274f39455efba022ba9e1fea053713d78ce576077eb0aeb2cb095,8350cc76fb901c5757363ef8fd525467438abd3379e63a34d45b37c1a2ffd8ba,format;format_version;metadata;adapter_state_dict;mutable_buffer_state_dict,328,8261291,105,19171,8280462,"{""float32"":398,""int64"":35}",true,true,true,true,true,true,KidneyLiverTonsil,42,lora_adaptformer:last_stage,,true,,false,archive locally,
adapters/sthelar40x_kidney_liver_tonsil_5class_spatial_margin128_lora_adaptformer_r8_a8_red16_decoder_last_stage_lr5e-5_e10_seed43_CLEAN_adapter.pth,sthelar40x_kidney_liver_tonsil_5class_spatial_margin128_lora_adaptformer_r8_a8_red16_decoder_last_stage_lr5e-5_e10_seed43_CLEAN_adapter.pth,33385360,cf81b18e2cf67e3b32633d579f78bbdd4c49ee7b213c1fe0e3a901b5984a134e,f4e0ad6f920f9d6f6b60e209070f1016ff18e7172457aa1cf2a568d937e185c8,format;format_version;metadata;adapter_state_dict;mutable_buffer_state_dict,328,8261291,105,19171,8280462,"{""float32"":398,""int64"":35}",true,true,true,true,true,true,KidneyLiverTonsil,43,lora_adaptformer:last_stage,,true,,false,archive locally,
adapters/sthelar40x_kidney_liver_tonsil_5class_spatial_margin128_lora_adaptformer_r8_a8_red16_decoder_last_stage_lr5e-5_e10_seed44_CLEAN_adapter.pth,sthelar40x_kidney_liver_tonsil_5class_spatial_margin128_lora_adaptformer_r8_a8_red16_decoder_last_stage_lr5e-5_e10_seed44_CLEAN_adapter.pth,33385360,217e1f7c6ae7b8deef2f04dedbe164ca9d8c8499cea5f3c341c50750572df4d7,4508b08fac0ccda61d7e2f7589b830146c89caa0bcee7c4f5fc2ceedfc98064c,format;format_version;metadata;adapter_state_dict;mutable_buffer_state_dict,328,8261291,105,19171,8280462,"{""float32"":398,""int64"":35}",true,true,true,true,true,true,KidneyLiverTonsil,44,lora_adaptformer:last_stage,,true,,false,archive locally,
adapters/sthelar40x_kidney_liver_tonsil_5class_spatial_margin128_lora_adaptformer_r8_a8_red16_decoder_np_hv_heads_nt_all_lr5e-5_e10_seed42_CLEAN_adapter.pth,sthelar40x_kidney_liver_tonsil_5class_spatial_margin128_lora_adaptformer_r8_a8_red16_decoder_np_hv_heads_nt_all_lr5e-5_e10_seed42_CLEAN_adapter.pth,92296896,8267c31af7baf0f603dbe1dcb82facfec24195d7cacce8acf1941bd26d8c8023,64888d507fbbc463cf2d802f3a6d971331718f778b4d88a52fc4967618f9d140,format;format_version;metadata;adapter_state_dict;mutable_buffer_state_dict,340,22986219,105,19171,23005390,"{""float32"":410,""int64"":35}",true,true,true,true,true,true,KidneyLiverTonsil,42,lora_adaptformer:np_hv_heads_nt_all,,true,,false,archive locally,
adapters/sthelar40x_kidney_liver_tonsil_5class_spatial_margin128_lora_adaptformer_r8_a8_red16_decoder_nt_header1_np_hv_heads_lr5e-5_e10_seed42_CLEAN_adapter.pth,sthelar40x_kidney_liver_tonsil_5class_spatial_margin128_lora_adaptformer_r8_a8_red16_decoder_nt_header1_np_hv_heads_lr5e-5_e10_seed42_CLEAN_adapter.pth,32112436,94ee2134b38c3112ce74cd73f32406b9054513981f4cb001e790ef5692b1a492,6a1bb83393146d6a20d5bdea54f082e94e5b7da6b0f8cbd8c13f459ba73522a1,format;format_version;metadata;adapter_state_dict;mutable_buffer_state_dict,300,7945835,105,19171,7965006,"{""float32"":370,""int64"":35}",true,true,true,true,true,true,KidneyLiverTonsil,42,lora_adaptformer:nt_header1_np_hv_heads,,true,,false,archive locally,
adapters/sthelar40x_kidney_liver_tonsil_5class_spatial_margin128_lora_r8_a8_decoder_frozen_lr5e-5_e10_seed42_CLEAN_adapter.pth,sthelar40x_kidney_liver_tonsil_5class_spatial_margin128_lora_r8_a8_decoder_frozen_lr5e-5_e10_seed42_CLEAN_adapter.pth,5445122,b1b7983d8c286ed52a07a1b45ff6fecda46db8a8f1c9b2195aabc9c84b595cd7,6d838d41865e139f9e2aba12c0d986a034879c695a24512df78ec06aeb67da88,format;format_version;metadata;adapter_state_dict;mutable_buffer_state_dict,128,1310720,105,19171,1329891,"{""float32"":198,""int64"":35}",true,false,true,true,true,true,KidneyLiverTonsil,42,lora:none,,true,,false,archive locally,
adapters/sthelar40x_kidney_liver_tonsil_5class_spatial_margin128_vera_adaptformer_r16_a16_red16_decoder_conv_adapters_lr5e-5_e10_seed42_CLEAN_adapter.pth,sthelar40x_kidney_liver_tonsil_5class_spatial_margin128_vera_adaptformer_r16_a16_red16_decoder_conv_adapters_lr5e-5_e10_seed42_CLEAN_adapter.pth,29382118,396b0a9f2aedd8c8a9f296ba7babf8b10c7a7c9358bbff6e42856389bebf711b,7b56408be291d688c1f01b441de11f1809eb61a108061fe3570df39fb1427d26,format;format_version;metadata;adapter_state_dict;mutable_buffer_state_dict,503,7233130,105,19171,7252301,"{""float32"":573,""int64"":35}",true,true,true,true,true,true,KidneyLiverTonsil,42,vera_adaptformer:conv_adapters,,true,,false,archive locally,
adapters/sthelar40x_kidney_liver_tonsil_5class_spatial_margin128_vera_adaptformer_r16_a16_red16_decoder_conv_adapters_lr5e-5_e10_seed43_CLEAN_adapter.pth,sthelar40x_kidney_liver_tonsil_5class_spatial_margin128_vera_adaptformer_r16_a16_red16_decoder_conv_adapters_lr5e-5_e10_seed43_CLEAN_adapter.pth,29382118,b5eb806a194c8125498b78b27c3c5b8729d1b6c4a1c1a21ea57e3c73f15846c8,96689345801ae8f77504ba7676889eef8cf27b4b228ae0cb5181bde516363a67,format;format_version;metadata;adapter_state_dict;mutable_buffer_state_dict,503,7233130,105,19171,7252301,"{""float32"":573,""int64"":35}",true,true,true,true,true,true,KidneyLiverTonsil,43,vera_adaptformer:conv_adapters,,true,,false,archive locally,
adapters/sthelar40x_kidney_liver_tonsil_5class_spatial_margin128_vera_adaptformer_r16_a16_red16_decoder_heads_only_lr5e-5_e10_seed43_CLEAN_adapter.pth,sthelar40x_kidney_liver_tonsil_5class_spatial_margin128_vera_adaptformer_r16_a16_red16_decoder_heads_only_lr5e-5_e10_seed43_CLEAN_adapter.pth,27064506,2b846a0638420597d47dc5025b1d52eb98f92ad46e4426bbd884fc1d54fe4e4b,740e4addb6c1a89defe4e75fbe63e00a4477ea6cbee50d06a304ad28b0cbec5a,format;format_version;metadata;adapter_state_dict;mutable_buffer_state_dict,328,6681035,105,19171,6700206,"{""float32"":398,""int64"":35}",true,true,true,true,true,true,KidneyLiverTonsil,43,vera_adaptformer:heads_only,,true,,false,archive locally,
adapters/sthelar40x_kidney_liver_tonsil_5class_spatial_margin128_vera_r16_a16_decoder_frozen_lr5e-5_e10_seed42_CLEAN_adapter.pth,sthelar40x_kidney_liver_tonsil_5class_spatial_margin128_vera_r16_a16_decoder_frozen_lr5e-5_e10_seed42_CLEAN_adapter.pth,549788,4df63304c8c0bf2868ab8aaf181801e21dbf0778309fb07644bb6a29a38e9cc9,c56ccf1d685b6114ac41b933cdee8b759750f6518046eba32bcb6d06a64ec5c0,format;format_version;metadata;adapter_state_dict;mutable_buffer_state_dict,160,82976,105,19171,102147,"{""float32"":230,""int64"":35}",true,false,true,true,true,true,KidneyLiverTonsil,42,vera:none,,true,,false,archive locally,
adapters/sthelar40x_liver_5class_spatial_lora_adaptformer_decconv_seed42.pth,sthelar40x_liver_5class_spatial_lora_adaptformer_decconv_seed42.pth,34149458,67cef1e8a1c848a62a3956630734b66e57c1590997d179f8d3eb193a44d67674,9ffa95f59257d3aad3b47e5acc16513faa12b33b739304df31099a16635eb651,format;format_version;metadata;adapter_state_dict;mutable_buffer_state_dict,471,8460874,105,19171,8480045,"{""float32"":541,""int64"":35}",true,true,true,true,true,true,Liver,42,lora_adaptformer:conv_adapters,,true,,false,archive locally,
adapters/sthelar40x_liver_5class_spatial_margin128_lora_adaptformer_heads_only_seed42_v100_retest/sthelar40x_liver_5class_spatial_margin128_lora_adaptformer_r8_a8_red16_decoder_heads_only_lr5e-5_e10_seed42_V100_RETEST_adapter.pth,sthelar40x_liver_5class_spatial_margin128_lora_adaptformer_r8_a8_red16_decoder_heads_only_lr5e-5_e10_seed42_V100_RETEST_adapter.pth,31930024,e762b0ecf9f07f6c4389df5b0873758b22069206d1d5764757f5863f8484e868,aac5b631dd8024054fdf58c6dd28c696afd80e077b69ffbe088a83f3eb77f77e,format;format_version;metadata;adapter_state_dict;mutable_buffer_state_dict,296,7908779,105,19171,7927950,"{""float32"":366,""int64"":35}",true,true,true,true,true,true,Liver,42,lora_adaptformer:heads_only,,true,,true,investigate,
adapters/sthelar40x_liver_5class_spatial_margin128_lora_adaptformer_heads_only_seed43/sthelar40x_liver_5class_spatial_margin128_lora_adaptformer_r8_a8_red16_decoder_heads_only_lr5e-5_e10_seed43_CLEAN_adapter.pth,sthelar40x_liver_5class_spatial_margin128_lora_adaptformer_r8_a8_red16_decoder_heads_only_lr5e-5_e10_seed43_CLEAN_adapter.pth,31925226,a1beab2fec2adbdfefe5f1dd2f9d70a7f4d99f8eccd650fc3b0a743631ea6255,2626c2dcc860668afb06d19348024c953feafea5450e37d8fa691a9156d3d399,format;format_version;metadata;adapter_state_dict;mutable_buffer_state_dict,296,7908779,105,19171,7927950,"{""float32"":366,""int64"":35}",true,true,true,true,true,true,Liver,43,lora_adaptformer:heads_only,,true,,false,archive locally,
adapters/sthelar40x_liver_5class_spatial_margin128_lora_adaptformer_r8_a8_red16_decoder_heads_only_lr5e-5_e10_seed42_CLEAN_adapter.pth,sthelar40x_liver_5class_spatial_margin128_lora_adaptformer_r8_a8_red16_decoder_heads_only_lr5e-5_e10_seed42_CLEAN_adapter.pth,31925226,2ef8ee2925dc14969ace204897acaeafeffef0608f24fbb6cc4ca335b32dd3a9,216f7e4e3255239f664d7341e7aea48686eb8c838d1533bbd39c982c1e3ac476,format;format_version;metadata;adapter_state_dict;mutable_buffer_state_dict,296,7908779,105,19171,7927950,"{""float32"":366,""int64"":35}",true,true,true,true,true,true,Liver,42,lora_adaptformer:heads_only,configs/release/compayl2026/tissue_specific/training_sthelar40x_liver_5class_spatial_margin128_lora_adaptformer_r8_a8_red16_decoder_heads_only_lr5e-5_e10_seed42_CLEAN.yaml,true,,true,release,
adapters/sthelar40x_liver_5class_spatial_vera_adaptformer_r16_a16_red16_decoder_conv_adapters_lr5e-5_e10_seed43_CLEAN_adapter.pth,sthelar40x_liver_5class_spatial_vera_adaptformer_r16_a16_red16_decoder_conv_adapters_lr5e-5_e10_seed43_CLEAN_adapter.pth,29328646,e3bedc6e37ab6773ccc99269e129104dabf6bf6eb3249ef1f94bf76d105c5ad8,5f11d02bbedf8124f6b3a180644074000407c4f542b7c69a0701e39e52c9ddd5,format;format_version;metadata;adapter_state_dict;mutable_buffer_state_dict,503,7233130,105,19171,7252301,"{""float32"":573,""int64"":35}",true,true,true,true,true,true,Liver,43,vera_adaptformer:conv_adapters,,true,,false,archive locally,
adapters/sthelar40x_liver_5class_spatial_vera_adaptformer_r8_a8_red16_decoder_conv_adapters_lr5e-5_e10_seed43_CLEAN_adapter.pth,sthelar40x_liver_5class_spatial_vera_adaptformer_r8_a8_red16_decoder_conv_adapters_lr5e-5_e10_seed43_CLEAN_adapter.pth,29327422,0af6300c7398d46a461d5be87892ea36021824e30ac85a0e257cfdd2b14aa357,e63a8401415e77a10fb1c9c37074f360ad92fc1ced737a80ca589db782ec58ef,format;format_version;metadata;adapter_state_dict;mutable_buffer_state_dict,503,7232618,105,19171,7251789,"{""float32"":573,""int64"":35}",true,true,true,true,true,true,Liver,43,vera_adaptformer:conv_adapters,,true,,false,archive locally,
adapters/sthelar40x_liver_5class_spatial_vera_adaptformer_r8_a8_red16_decoder_heads_only_lr5e-5_e10_seed43_CLEAN_adapter.pth,sthelar40x_liver_5class_spatial_vera_adaptformer_r8_a8_red16_decoder_heads_only_lr5e-5_e10_seed43_CLEAN_adapter.pth,27025048,93bce507550e1b12b8dd506feda2c2a97a5d1b9e70f1267836514e516ac96e52,52e60a783fc4ad0ba708d2e56fd704c284a67c79ef7b696adcc4ccba5d25975f,format;format_version;metadata;adapter_state_dict;mutable_buffer_state_dict,328,6680523,105,19171,6699694,"{""float32"":398,""int64"":35}",true,true,true,true,true,true,Liver,43,vera_adaptformer:heads_only,,true,,false,archive locally,
adapters/sthelar40x_lung_5class_spatial_margin128_cap50000_lora_adaptformer_heads_only_seed43/sthelar40x_lung_5class_spatial_margin128_cap50000_lora_adaptformer_r8_a8_red16_decoder_heads_only_lr5e-5_e10_seed43_CLEAN_adapter.pth,sthelar40x_lung_5class_spatial_margin128_cap50000_lora_adaptformer_r8_a8_red16_decoder_heads_only_lr5e-5_e10_seed43_CLEAN_adapter.pth,31930898,3cc223a8c29001327f181a3c5bfb22138a20ef61ac5e2cce2245b63d801c8782,e9a10734302913b43ddb9628488eb702305061ae6ba2e205cf4ff31b50d49451,format;format_version;metadata;adapter_state_dict;mutable_buffer_state_dict,296,7908779,105,19171,7927950,"{""float32"":366,""int64"":35}",true,true,true,true,true,true,Lung,43,lora_adaptformer:heads_only,,true,,false,archive locally,
adapters/sthelar40x_lung_5class_spatial_margin128_cap50000_lora_adaptformer_r8_a8_red16_decoder_heads_only_lr5e-5_e10_seed42_CLEAN_adapter.pth,sthelar40x_lung_5class_spatial_margin128_cap50000_lora_adaptformer_r8_a8_red16_decoder_heads_only_lr5e-5_e10_seed42_CLEAN_adapter.pth,31930898,2281149c47ac023d17ad2b8a2910a7c25a609b31326c05c0497d8657aa2dab7a,8273647f1237414edfdcbc499bde8952fddc72407fe12bbd896011bd1b3c3c92,format;format_version;metadata;adapter_state_dict;mutable_buffer_state_dict,296,7908779,105,19171,7927950,"{""float32"":366,""int64"":35}",true,true,true,true,true,true,Lung,42,lora_adaptformer:heads_only,configs/release/compayl2026/tissue_specific/training_sthelar40x_lung_5class_spatial_margin128_cap50000_lora_adaptformer_r8_a8_red16_decoder_heads_only_lr5e-5_e10_seed42_CLEAN.yaml,true,,true,release,
adapters/sthelar40x_lung_5class_spatial_margin128_lora_adaptformer_heads_only_seed42/sthelar40x_lung_5class_spatial_margin128_cap50000_lora_adaptformer_r8_a8_red16_decoder_heads_only_lr5e-5_e10_seed42_CLEAN_adapter.pth,sthelar40x_lung_5class_spatial_margin128_cap50000_lora_adaptformer_r8_a8_red16_decoder_heads_only_lr5e-5_e10_seed42_CLEAN_adapter.pth,31930898,89dfa0d0e1d261f0b37b5fa12a40167115131799f88483e26220baba8a6b0c93,22ac0daaa35e23eaeeff50204b46e9cf79628793c426e546d7bb9983fc02f3e9,format;format_version;metadata;adapter_state_dict;mutable_buffer_state_dict,296,7908779,105,19171,7927950,"{""float32"":366,""int64"":35}",true,true,true,true,true,true,Lung,42,lora_adaptformer:heads_only,configs/release/compayl2026/tissue_specific/training_sthelar40x_lung_5class_spatial_margin128_cap50000_lora_adaptformer_r8_a8_red16_decoder_heads_only_lr5e-5_e10_seed42_CLEAN.yaml,true,,false,archive locally,
adapters/sthelar40x_ovary_5class_spatial_margin128_lora_adaptformer_heads_only_seed43/sthelar40x_ovary_5class_spatial_margin128_lora_adaptformer_r8_a8_red16_decoder_heads_only_lr5e-5_e10_seed43_CLEAN_adapter.pth,sthelar40x_ovary_5class_spatial_margin128_lora_adaptformer_r8_a8_red16_decoder_heads_only_lr5e-5_e10_seed43_CLEAN_adapter.pth,31925226,4771b8456d4186b38f71f3887d6e14ea2b53dbb56606070c504a40b4fb224191,517eca46a4c8650b8e73ad6585710aa5d47238645b2d54e0731c946a5fc3d224,format;format_version;metadata;adapter_state_dict;mutable_buffer_state_dict,296,7908779,105,19171,7927950,"{""float32"":366,""int64"":35}",true,true,true,true,true,true,Ovary,43,lora_adaptformer:heads_only,,true,,false,archive locally,
adapters/sthelar40x_ovary_5class_spatial_margin128_lora_adaptformer_r8_a8_red16_decoder_heads_only_lr5e-5_e10_seed42_CLEAN_adapter.pth,sthelar40x_ovary_5class_spatial_margin128_lora_adaptformer_r8_a8_red16_decoder_heads_only_lr5e-5_e10_seed42_CLEAN_adapter.pth,31925226,a00cb91646af00f9259a5a632793a0fe505c6a2c8532d082137cfac767629a66,6cc9cda1e034f1facf7a37e8c12fa1be00054df14b3311380e14a50b3adabf0e,format;format_version;metadata;adapter_state_dict;mutable_buffer_state_dict,296,7908779,105,19171,7927950,"{""float32"":366,""int64"":35}",true,true,true,true,true,true,Ovary,42,lora_adaptformer:heads_only,configs/release/compayl2026/tissue_specific/training_sthelar40x_ovary_5class_spatial_margin128_lora_adaptformer_r8_a8_red16_decoder_heads_only_lr5e-5_e10_seed42_CLEAN.yaml,true,,true,release,
adapters/sthelar40x_pancreatic_5class_spatial_margin128_cap50000_lora_adaptformer_heads_only_seed43/sthelar40x_pancreatic_5class_spatial_margin128_cap50000_lora_adaptformer_r8_a8_red16_decoder_heads_only_lr5e-5_e10_seed43_CLEAN_adapter.pth,sthelar40x_pancreatic_5class_spatial_margin128_cap50000_lora_adaptformer_r8_a8_red16_decoder_heads_only_lr5e-5_e10_seed43_CLEAN_adapter.pth,31956368,e3b2886f1c58e389cebff0c406bac22a373fddaef170922f6f0011bb9002f056,af0e76065c06d8475bc1cfd2f0cf1e123946aa7d629cf8a4f5954c06aebbd974,format;format_version;metadata;adapter_state_dict;mutable_buffer_state_dict,296,7908779,105,19171,7927950,"{""float32"":366,""int64"":35}",true,true,true,true,true,true,Pancreatic,43,lora_adaptformer:heads_only,configs/release/compayl2026/tissue_specific/training_sthelar40x_pancreatic_5class_spatial_margin128_cap50000_lora_adaptformer_r8_a8_red16_decoder_heads_only_lr5e-5_e10_seed43_CLEAN.yaml,true,,true,release,
adapters/sthelar40x_skin_5class_spatial_margin128_cap50000_lora_adaptformer_heads_only_seed43/sthelar40x_skin_5class_spatial_margin128_cap50000_lora_adaptformer_r8_a8_red16_decoder_heads_only_lr5e-5_e10_seed43_CLEAN_adapter.pth,sthelar40x_skin_5class_spatial_margin128_cap50000_lora_adaptformer_r8_a8_red16_decoder_heads_only_lr5e-5_e10_seed43_CLEAN_adapter.pth,31930898,9191ffd3ad302fb4923af34c88518177dcce4ab5a011f0f72d23214933811e27,eb10c525c8d4862afcc1e49094990eba5f30bd4b359526b824afe3e5fdc0b999,format;format_version;metadata;adapter_state_dict;mutable_buffer_state_dict,296,7908779,105,19171,7927950,"{""float32"":366,""int64"":35}",true,true,true,true,true,true,Skin,43,lora_adaptformer:heads_only,,true,,false,archive locally,
adapters/sthelar40x_skin_5class_spatial_margin128_lora_adaptformer_heads_only_seed42/sthelar40x_skin_5class_spatial_margin128_cap50000_lora_adaptformer_r8_a8_red16_decoder_heads_only_lr5e-5_e10_seed42_CLEAN_adapter.pth,sthelar40x_skin_5class_spatial_margin128_cap50000_lora_adaptformer_r8_a8_red16_decoder_heads_only_lr5e-5_e10_seed42_CLEAN_adapter.pth,31930962,48b0f204b036ed236f7189ff30b81f3a466ab909a2edf7cdd5adac43491c263e,ce79d17df4ee4df09180075b14de6e8057f247fee82934d350cefe93c24022b9,format;format_version;metadata;adapter_state_dict;mutable_buffer_state_dict,296,7908779,105,19171,7927950,"{""float32"":366,""int64"":35}",true,true,true,true,true,true,Skin,42,lora_adaptformer:heads_only,configs/release/compayl2026/tissue_specific/training_sthelar40x_skin_5class_spatial_margin128_cap50000_lora_adaptformer_r8_a8_red16_decoder_heads_only_lr5e-5_e10_seed42_CLEAN.yaml,true,,true,release,
adapters/sthelar40x_tonsil_5class_spatial_margin128_cap50000_lora_adaptformer_heads_only_seed43/sthelar40x_tonsil_5class_spatial_margin128_cap50000_lora_adaptformer_r8_a8_red16_decoder_heads_only_lr5e-5_e10_seed43_CLEAN_adapter.pth,sthelar40x_tonsil_5class_spatial_margin128_cap50000_lora_adaptformer_r8_a8_red16_decoder_heads_only_lr5e-5_e10_seed43_CLEAN_adapter.pth,31933820,a8d8918adebd3fe0f67a3c58c8f0687947dfcba17dc2c155779d129ffdfd29bf,99fadbba4c306e0f6a5793f97add9d87a8b7fc0f884eae6b62b6d81c6577f8f1,format;format_version;metadata;adapter_state_dict;mutable_buffer_state_dict,296,7908779,105,19171,7927950,"{""float32"":366,""int64"":35}",true,true,true,true,true,true,Tonsil,43,lora_adaptformer:heads_only,configs/release/compayl2026/tissue_specific/training_sthelar40x_tonsil_5class_spatial_margin128_cap50000_lora_adaptformer_r8_a8_red16_decoder_heads_only_lr5e-5_e10_seed43_CLEAN.yaml,true,,true,release,
adapters/sthelar40x_tonsil_9class_slide_vera_adaptformer_r16_a16_red16_decoder_conv_adapters_lr5e-5_e10_seed43_CLEAN_adapter.pth,sthelar40x_tonsil_9class_slide_vera_adaptformer_r16_a16_red16_decoder_conv_adapters_lr5e-5_e10_seed43_CLEAN_adapter.pth,29330402,835e021c9aa47a59c2941579a024af8b86fbb65080cf2d95b7cad9995f4c806a,524fa66ba88c400b7d54effdeb3896f8f3106251ef6a95c88be355751565e735,format;format_version;metadata;adapter_state_dict;mutable_buffer_state_dict,503,7233390,105,19171,7252561,"{""float32"":573,""int64"":35}",true,true,true,true,true,true,Tonsil,43,vera_adaptformer:conv_adapters,,true,,false,archive locally,
adapters/sthelar40x_tonsil_9class_slide_vera_adaptformer_r8_a8_red16_decoder_conv_adapters_lr5e-5_e10_seed43_CLEAN_adapter.pth,sthelar40x_tonsil_9class_slide_vera_adaptformer_r8_a8_red16_decoder_conv_adapters_lr5e-5_e10_seed43_CLEAN_adapter.pth,29329114,8fb604a756436404b739730bcc3dfb9213d52fc36868efa697177454ee78db01,9106688a43582956ffed32e87d27cc55e33e84cc55189776cc1f441c115b0f76,format;format_version;metadata;adapter_state_dict;mutable_buffer_state_dict,503,7232878,105,19171,7252049,"{""float32"":573,""int64"":35}",true,true,true,true,true,true,Tonsil,43,vera_adaptformer:conv_adapters,,true,,false,archive locally,
